"","","","","","","","","","","","","","","","","",""
"TABLE 1","","","","","","","","","","","","","","","","",""
"","","","","","","","","","","","","","","","","",""
"","","","","","","","","","","","","","","","","",""
"","","","","HYDROGRAPH","NETWORK","","STATIONS","OF","GUJARAT","AND","UT OF","DAMAN","&","DIU MAY","2016","",""
"WATER
District","DATA OF
Location","pH","EC","TDS","CO3","HCO3","CI","NO3","SO4","F","Alk","Ca","Mg","TH","Na","K",""
"","","","uS/cm","mg/L","","","","","","","","","","TH","Na","K",""
"District","Location","pH","EC","TDS","CO3","HCO3","CI","NO3","SO4","F","Alk","Ca","Mg","","863","2.0",""
"Ahmedabad","Barvala","7.84","5440","3645","0","1281","815","32","407","4.50","1050","80","144","800
320","863
505","5.1",""
"Ahmedabad","Dalod","8.51","2833","1898","24","171","682","8","244","0.90","180","88","24
34","240","200","1.9",""
"Ahmedabad","Devaliya","8.42","1135","760","48","342","135","13","103","1.44","360","40","34
336","2000","1800","24.0",""
"Ahmedabad","Dhandhuka1","8.27","10980","7357","0","1403","2340","38","1319","6.00
0.80","1150
210","240
120","14","360","510","5.1",""
"Ahmedabad","Endla","8.28","2939","1969","0","256","682","9","264","","","","72","700","380","40.0",""
"Ahmedabad","Gamph","8.28","3102","2078","0","1013","496","15","28","0,47","830","160
80","96","600","152","1.8",""
"Ahmedabad","Khabhada","8.06","1668","1118","","390","333","44","94","0.75","290","52","65","400","90","0,6",""
"","","","1022","685","0","354","142","95","24","0.28","290","","","","","",""
"Ahmedabad","Kundali","8.28","1022
920","616","0","366","107","3","5","0.22","300","60","14","210","110","12.8",""
"Ahmedabad","Mandal2","8.20","920
1490","998","0","622","142","41","15","0.89","510","120","53","520","112","11.4",""
"Ahmedabad","Rajpada
Amreli","8.23
7.94","1667","1117","0","683","163","41","12","0.20","560","180","36","600","110","5.9",""
"Amreli","Badhda","8.17","1500","1005","0","434","213","60","67","0.50","356","80","86","560","101","5.7",""
"Amreli","","","","","","","","","62","0.75","310","240","108","1050","257","0.7",""
"Amreli","Bagasara","7.87","3197","2142","0","378","744","210","62
52","0.31","310","72","41","350","102","0.5",""
"Amreli","Bhavardi1","8.07","1052","705","0","378","92","94","52
424","1.15","670","100","252","1300","2100","66.8",""
"Amreli","Bhuva","8.04","11530","7725","0","817","3190","240","44","1.24","900","56","22","230","430","3.5",""
"Amreli","Charkhadia1","8.29","2300","1541","0","1098","135","28","44
96","0.30","280","48","46","310","54","0.1",""
"Amreli","Chavand","8.28","800","536","0","342","28","8","25","0","260","84","53","430","87","2.0",""
"","","","","","0","317","206","49","","","","","","","","",""
"Amreli","Devliya","6.81","1180","791
1407","0","268","418","240","73","0.48","220","156","115","870","100","2.2",""
"Amreli","Dhari","8.23","2100","1407","132","769","886","60","28","1.45","850","80","156","850","620","0.8",""
"Amreli","Fifad","8.42","4290","2874","","244","213","210","78","0.35","200","104","84","610","67","0.5",""
"Amreli","Goradka","7.84","1423","953","0
0","244
403","674","225","32","0.46","330","120","156","850","303","2.1",""
"Amreli","Govadka","7.61","3176","2128","","","","","53","0.70","380","240","72","900","390","47.0",""
"Amreli","Jafrabad","8.01","3454","2314","0","464","886","56","53","","640","88","48","420","290","4.7",""
"Amreli","Kerala","8.20","2050","1374","0","781","248","32","28","0.50
0.31","330","52","53","350","70","0.3",""
"Amreli","Khamba","8.06","970","650","0","403","71","62","19","","210","184","53","680","157","0.8",""
"","","","1936","1297","0","256","425","95","121","0.46","","","","","","",""
"Amreli","Kunkavav","7.87","1936","","","","","41","44","0.50","370","48","77","440","163","0.4",""
"Amreli","Lathi","8.19","1490","998","0","451","241
1773","68","220","1.30","1050","340","300","2100","700","176.0",""
"Amreli","Lotpur","8.04","7450","4992","0","1281","71","17","38","1.45","460","28","22","160","211","0.7",""
"Amreli","Luvariya","8.85","1200","804","96","366","","170","130","0.32","230","240","55","800","260","6.0",""
"Amreli","Mandal","7.83","2630","1762","0","281
317","603
99","22","38","0.20","260","72","41","350","50","0.7",""
"Amreli","Morjhar","8.13","900","603","0","317","","","20","0.60","270","68","12","220","147","1.8",""
"Amreli","Nageshri","8.29","1050","704","0","329","163","18","20
45","0.60","600","32","38","240","260","0.5",""
"","","8.29","1500","1005","0","732","85","44","45","","","","","","","",""
"Amreli","Piyava","","","","","","","","10","1.01","230","40","7","130","85","7.0",""
"Amreli","Punjapadar","8.29","600","402","0","281","42","14","","0.54","180","44","26","220","20","2.2",""
"Amreli","Tajpur","8.29","500","335","0","220","28","9","33","0.30","310","64","62","470","72","4.8",""
"Amreli","Trakuda","7.98","1200","804","0","378","142","60","62
48","0.30","490","100","74","560","52","9.5",""
"Amreli","Untvad","8.26","1300","871","0","598","85","13","48","","220","80","26","310","225","2.2",""
"Amreli","Vaghania juna","8.29","1567","1050","0","268","298","76","87","0.75","220
770","24","70","350","430","0.8",""
"Amreli","Vanada","8.48","2460","1648","84","769","248","100","74
56","1.05
0","770
340","88","72","520","82","0.6",""
"Amreli","Vankiya(Khamba","7.99","1170","784","0","415","121","150
45","49","1.30","750","60","108","600","530","0.2",""
"Amreli","Vankiya1","8.20","3400","2278","0","915","638
177","11","18","2.90","420","32","24","180","243","12.0",""
"Amreli","Victor","8.64","1334","894","60","390","","","","","460","60","73","450","120","4.5",""
"","","7.72","1283","860","0","561","142","44","11","0.50","","","","","","",""
"Anand","Anklav2","","","","","","","14","5","0.85","280","64","17","230","92","13.8",""
"Anand","Bandhani","8.04","743","498","0","342","92","14
1","32","0.10","380","80","32","330","67","2.0",""
"Anand","Bhadran","7.84","679","455","0","464","43","46","111","0.15","320","124","109","760","106","12.8",""
"Anand","Boriyavi","7.82","1916","1284","0","390","362","","","","","","","","620","17.9",""
"Anand","Dali","8.22","3694","2475","0","1232","746","32
47","41
74","1.40
1.05","1010
890","160
40","97
109","800
550","467","2.2",""
"Anand","Dharmaj","8.45","2864","1919","96","891","390","","117","2.40","810","20","109","500","810","4.6",""
"Anand","Laxmipura","8.48","4159","2787","84","817","923","6","","","","","63","350","143","1.4",""
"Anand","Parvata","8.45","1049","703","48","512","78","20","30","1.10","500
650","36 16","17","110","375","3.5",""
"Anand","Ras","8.49","1535","1028","72","647","156
645","15
80","29
94","3.75
0.70","400","64","144","760","334","1.1",""
"Banaskantha","Amirgadh","8.27","2841","1903","0","488","","39","13","0.10","170","56","12","190","40","37.0",""
"Banaskantha","Bharol","8.4","526","352","48","110","43 106","15","25","0.37","180","56","24","240","60","13.5",""
"Banaskantha","Dantiwada 1","7.91","710","476","","220","149","12","8","2.20","280","52","41","300","100","18.4",""
"Banaskantha","Ganapipli","7.58","1000","670","","342","362","90","67","1.05","350","96","58","480","245","3.0",""
"Banaskantha","Gangodra","8.29","1958","1312
545","","0 317","64","45","21","0.26","260","52","48","330","37","1.0",""
"Banaskantha","Iqbalgarh","8.26","","","","","206","11","80","1.50","440","52","31","260","224","73.0",""
"Banaskantha","Khoda","8.23","1518","1017","84","451","170","39","117","2.20","510","36","72","390","240","1.7",""
"Banaskantha","Kidotar","8.44","1700","1139","","","191","22","15","0.24","490","128","38","480","146","0.8",""
"Banaskantha","Meda","8.27","1600","1072","","598","284","29","50","1.25","160","116","36","440","94","3.1",""
"Banaskantha","Mohabbat gadh","8.28","1210","811","","415","957","86","75","0.75","340","160","180","1150","325","3.6",""
"Banaskantha","Palanpur2","8.11","3600","2412","","146","184","39","113","0.20","120","100","31","380","70","6.2",""
"Banaskantha","Ratanpur2","8.29","900","603","","0
0","142","50","200","1.38","360","80","72","500","145","5.4",""
"Banaskantha","Sodapur","7.78","1531","1026","","","710","","3 80","0.25","460","100","183","1000","258","1.5",""
"Bharuch","Bharuch","8.01","2734","1832","","0","","","3 33","4.05","720","12","17","100","330","0.6",""
"Bharuch","Bhensli","8.62","1277","856","132","610","35 106","38","20","0.15","380","60","36","300","130","54.9",""
"Bharuch","Chidra","8.35","1041","697","36","0","57","39","46","0.70","350","68","32","300","98","0.4",""
"Bharuch","Chiklota","7.98","745","499","","0","","","7 19","0.00","470","92","92 51","440","95","35.7",""
"Bharuch","Dahegam","7.89","1050","704","","0 573
0","106 71","10","36","0.95","430","40","40 51","310","124","1.0",""
"Bharuch","Jokhala","8.29","920
1049","616
703","","0 586","99","34","20","0.50","480","","80 27","310","166","18.7",""
"Bharuch
Bharuch","Kalak
Kaswa","8.32","953","639","","0 500","99","","4 40","0.25","410","","40 34","240
250","164
154","12.0
376.0",""
"Bharuch","Kavi","8.48","2343","1570","84","84 238","177","46","-39","0.30","335 450","","56 43","330","186","402.0",""
"Bharuch","Kondh","8.10","1363","913","","0 549","170","39 64","6
9 9","0.15","240","","56","19 220","59","7.1",""
"Bharuch","Mahegam1","8.21","551","369","","0","","","","","380","","60 61","400","366","8.3",""
"","Motwan","8.31","2464","1651","","0 464","540","","3 38","0.75","","","","","","",""
"","","","","","","","","","","","","","","","","",""
"","","","","","","","","","","","","","","","","",""
"TABLE 2","","","","","","","","","","","","","","","","",""
"","","","","","","","","","","","","","","","","",""
"","","","","","","","","5","14","0.10","240","40","22","190","50","",""
"","","8.20","461","309","0","293","28","","","","250","44","17","180","65","10.0",""
"Bharuch","Mungaj","","","","","305","28","6","25","0.35","","","","","","",""
"Bharuch","Nirnavi","8.24","465","312","0
0","573","1775","44","96","1.10","470","18","28","1600","710","3.2",""
"","","7.81","6044","4049","0","","","","","","","40","24","200","120","7.9",""
"Bharuch","Panoli","7.81","","","36","195","149","8","20","0.40","220","","","","","",""
"","","8.37","804","539","36","","","","","","350","76","29","310","130","30.6",""
"Bharuch","Raymal","","","647","0","427","128","5","53","0.00","350","","","","82","21.2",""
"","","8.30","965","647","","","","","","","340","76","29","310","82","",""
"Bharuch","Roja tankaria","","","486","0","415","78","5","31","0.20","","","","490","198","4.3",""
"Bharuch","Sajod","8.06","726","","0","903","114","5","9","1.55","740","44","92","","","30.5",""
"Bharuch","Sajod","8.15","1576","1056","","","","3","24","0.40","410","52","41","300","185","",""
"Bharuch","","","1370","918","0","500","185","","","","","","88","470","440","53.5",""
"Bharuch","Sindhav","8.17","","","0","866","390","6","146","0.85","710","44","88","","","2.0",""
"","","8.07","2746","1840","","","","","","","250","72","15","240","51","",""
"Bharuch","Tankari","","","324","0","305","35","7","42","0.45","","","","","168","2.3",""
"","Timbroli","8.04","483","324","","","","","17","0.80","380","24","32","190","","",""
"Bharuch","","","","598","0","464","106","4","","","","","","","390","1.8",""
"Bharuch","Utraj","8.13","892","598","0","305","887","9","67","1.40","250","160","85","750","1000","1",""
"Bharuch
Bhavnagar","Valia
Ayodhyapuram","7.97
8.29","3574
5724","2395
3835","0","1037","1312","11
2","224
27","3.00
0.64","850
400","120
40","120
36","800
250","1000
153","0.7",""
"Bhavnagar","City 1","8.24","1064","713","0","488","106","","","0.87","590","120","84","650","260","8.2",""
"Bhavnagar","Bhavnagar City","","2320","1554","108","500","354","76","54","","","","204","1200","730","20.0",""
"","Bhudel","8.4","","","","","","6","351","0.87","540","140","","","","",""
"Bhavnagar","Bhumbhali","8.12","5451","3652","0","659","1312","","","0.67","200","152","53","600","164","1.5",""
"Bhavnagar","Bhumbhali","7.88","1892","1268","0","244","475","13","63","","","28","22","160","336","2.3",""
"Bhavnagar","Bhutia","7.88
8.45","1696","1136","60","695","92","70","28","1.5","670
280","72","36","330","42","9.5",""
"","Bora","","","","","","","","19","0.20","","","","","","",""
"Bhavnagar","","8.29","800","536","0","342","78","12","","","","124","50","520","207","3.2",""
"","Dhasa","","","","","","","","73","0,64","230","","","","","",""
"Bhavnagar","Dudhala","8.03","1865","1250","0","281","425","68","73
95","0.34","310","72","55","410","67","0.9",""
"Bhavnagar","","","1000","670","0","378","99","6","95","","","","180","1100","980","65.1",""
"Bhavnagar","Gadhada2","8.18","","","0","683","1524","220","301","0.90","560","140","180","","","",""
"","","8.11","6504","4358","0","","","","","","","112","38","440","283","2.4",""
"Bhavnagar","Ghogha","8.11","","","0","1086","85","28","19","0.67","890","","","","","1.3",""
"","Khijadiya","8.26","2070","1387","","","","","","0.3","230","72","41","350","42","1.3",""
"Bhavnagar","Khijadiya","","760","509","0","281","92","26","55","","","","29","260","86","21.0",""
"Bhavnagar","Kundeli","7.89","","","","","57","3","20","0.67","340","56","","","","",""
"Bhavnagar","Longadi","8.21","715","479","0","415","","","","0.23","370","132","34","470","88","5.9",""
"Bhavnagar","Longadi","","1234","827","0","451","156","43","32","","","44","36","260","187","1.6",""
"Bhavnagar","Motivadal","8.11","","","48","354","156","19","54","0,74","370","44","","","","0.5",""
"","","8.48","1252","839","","","","","","","410","40","43","280","170","",""
"Bhavnagar","Ningala","","","816","0","500","135","28","21","0.83","","","","","300","10.2",""
"","Panchpipla","8.24","1218","816","","","","24","15","2.60","970","120","108","750","","",""
"Bhavnagar
Bhavnagar","Panvi1","8.69","2770","1856
704","96
0","988
427","284
99","48","25","0.1","350","88","62","480
480","35
161","0.9
1.1",""
"Bhavnagar","Piperla","7.99","1050","","0","244","241","225","99","0.6","200","96","58","","","",""
"","","7.98","1598","1071","","","","","","","","124","53","530","50","8.4",""
"Bhavnagar","Porbara","7.98
8.07","1142","765","0","500","85","27","81","0.45","410
270","68","43","350","31","2.1",""
"Bhavnagar","Sajnasar","","","472","0","329","35","6","88","0,44","","","","","80","1.4",""
"Bhavnagar","Sandhida","8.20","704","","0","305","191","225","76","0,27","250","96","89","610","","0.3",""
"","Shantinagar","7.91","1452","973","","","","72","53","0.97","280","88","106","660","121","",""
"Bhavnagar","","6.80","1788","1198","0","342","369","","","","430","128","70","610","54","4.1",""
"Bhavnagar","Talaja2","","","900","0","525","156","64","21","0.46","430","","","","130","4.8",""
"","","8,23","1343","900","","","","","","0.50","380","240","216","1500","130","",""
"Bhavnagar
Bhavnagar","Tansa
Tardhera","8.05","3476","2329","","464","815
21","80
3","170
53","0.50
0.60","200","52","29","250","18","1.9",""
"","Timbi2","8.29","500","335","","0","","","47","0.2","470","152","62","640","60","11.6",""
"Bhavnagar","","","","959","","0 573","156","35","","","","","","470","120","68.5",""
"Bhavnagar","Trapaj","8.2","1432
1318","883","","0 586","156","16","14","0.18","480","136","32","310","58","1.9",""
"Daman","Ambawadi","7.99","1318","","","0 366","85","5","9","0,32","300","60","","","","1.6",""
"","Dabhel","7.84","860","576","","","","","9","0,63","260","56","32","270","48","",""
"Daman","","","711","476","","0 317","71","","","","","","","390","74","28.7",""
"Daman","Dalwada","7.94","711","","","0 512","71","22","11","0.22","420","88","41","","186","16.9",""
"Daman","Jempore","7.88","994","666
813","","0 488","128","","3 6","1.25","400","32","27","190","109","24.1",""
"Daman","Khariwad Daman","8.09","1213","","","403","71","","8 8","0.22","330","20","39","","","",""
"","Manwad","8.09","786","527","","0","","","","0.77","370","68","83","510","146","1.7",""
"Daman","Manwad","","1631","1093","","0 451","291","15","27","","","","168","900","629","40.3",""
"Daman","Warkhund","7.85","","","","","1205","","3 50","0.35","490","80","","","","",""
"Daman","","","4486","3006","","0","","","","","","","","2350","1400","","34"
"Diu","Diu","8.20","","","","0 549","3226","66","270","0,20","450","180","456","","","","42"
"Diu","Gomtimata","7.82","10640","7129","","0 207","4467","16","72","0.01","170","560","600","3900","1260","9.5",""
"","","","13030","8730","","","","","","","","","79","410","152","",""
"Diu","Jolawadi","7.29","","","","0 695","99","15","15 13","1.35","570","32","","","","1.9",""
"Dohad
Dohad","Ambakatch
Badpa","8.14
7.94","1422
1398","953
937
456","","512 0
0 244","135","78","5 102
25 10","5.48
1.25","420
200","68
28","31","300
280","201 30 217","30 5.7",""
"Dohad","Dadhela","8.21","680","456","","342","305","135","72","0.70","280","","60","67 430","","",""
"Dohad","Dahod Garege","8.03","1792","1201","","0","234","","70 71","1.28","440","","32","400 77","234","","2.8"
"","Dahod GEB","8.04","1715","1149","","","","","","2.70","440","","72","62 440","280","","6.8"
"Dohad","Dahod","","2079","1393","","0 537","305","195","8","","","","","43 350","","70","1.3"
"Dohad","Dahod1 (Forest)","8.27","","620","","0 244","106","100","64","1.28","200","","68","","158","","5.0"
"Dohad","Dahod2 (Jilla
Devgadh Baria","Sew 8.11
7.86","926
1300","620
871","","0 293","241","","40 33
40","1.00","240","","64
36","36
29 210","","84","4.1"
"Dohad","Devgadh","","","","","342","","43","9 40","","","","","","","","0.8"
"Dohad","Garadu","8.23","716","480","","0","695 886","440","199","2.70","570","160","168","1100","600","","4.2"
"","","","4650","3116","","","","","","","","","","31 220","","98",""
"Dohad","Garbara","7.99","","563","","0","427","43","14 7","1.00","350","","36","700","140","11.0",""
"Dohad","Kanjetha","8.11","840","","","0","305 518","","23 15","0.77","250","168","","67","","","5.2"
"Dohad","Limbdi2","7.72","1956","1311
732","","0","500","57","20 33","3.20","410","","32","65","350","50","9.1"
"Dohad","Panchwada","8.14","1093","732","","0","427","57","22 8","0.96","350","350","112","14","340","",""
"","","8.12","927","621","","","","","","","","","52","22","220","130","1.7"
"Dohad","Sarswa","","","657","","36","378","57","45 12","0.90","","370","","","","71","3.7"
"Dohad","Sukhsar","8.52","980","657","","0","366","113","37 28","1.29","","300","52","58","370","",""
"","Tokarba","7.90","956","641","","0","","","","1.20","","240","44","55","340","40","2.3"
"Dohad
Dohad","Tokarba
Varamkheda","8.13","","715 479","","0","293","71","9 72
27 93","0.45","","180","32","53","300","270","10.0"
"Dohad","","","1509","1011","","0","220","411","","","","","","132 1050","","356","40.0"
"Gandhinagar","Paliya","8.27","","","","0","1476","355","140 40","","1.04 1210","","200","","","751","16.7"
"","","","3694","2475","","","","","","","","","","117","600","",""
"Gandhinagar","Serthapara","7.96","","","","","695","909","160 4","","5.52","750","48","","","",""
"","","","4443","2977","","108","","","","","","","","61","400","161","1.7"
"Jamnagar","Ambaliya","8.49","","","","0","445","192","50 66","","0.76","365","60","","","","3.3"
"Jamnagar","Ambardi","","8.06 1422","953
826 553","","0","390","78","2 34","","0.80","320","52
80","10
49","170
400","470","38.0"
"Jamnagar","Amran1","","8.42 2787","1867","","132","525","497","46 21","","1.10","650","128","41","490","80","4.0"
"Jamnagar","Aramda","","","","","0","439","185","18 23","","0.45","360","","","","280","7.2"
"","","","","","","","","","","","","","","","","",""
"","","","","","","","","","","","","","","","","",""
"TABLE 3","","","","","","","","","","","","","","","","",""
"","","","","","","","","","","","","","","","","",""
"","","","","","","","","165","51","0.70","200","96","24","380","","",""
"","","8.05","1172","785","0","244","163","","","0.77","270","24","44","240","151","0.3",""
"Jamnagar","Haripur2","8.26","1074","720","0","329","163","36","33","0.39","260","48","32","250","156","0.5",""
"Jamnagar","Jambuda","8.06","1137","762","0","317","178","21","55","","300","88","92","600","292","4.1",""
"","Jamnagar2","8.06","","","","","","190","30","0.30","","","","","","",""
"Jamnagar","","8.07","2476","1659","0","366","525","","","0.44","300","40","59","320","112","2.4",""
"Jamnagar
Jamnagar","Juvanpur
Kalawad","8.28","968
1296","649
868","0
0","366
268","114
277","25
26","76
24","0.50","220
500","48
104","27
146","230
860","199
526","1.8
2.2",""
"Jamnagar","Kalyanpur1","7.92","1296
3979","2666","0","610","923","80","105","4.32","500
170","240","126","1120","228","2.3",""
"Jamnagar","Kalyanpur2","8.20","3979
3248","2176","0","207","852","230","41","0.20","170
250","76","29","310","75","1.2",""
"Jamnagar","Khirsara","7.89
8.28","823","551","0","305","92","50","48","0.40","280","52","58","370","164","0.6",""
"Jamnagar","Kuvadia","8.28","1385","928","0","342","234","43","74","0.25","220","192","117","960","535","2.0",""
"Jamnagar","Lalpur1","8.05
7.92","1385
4255","2851","0","268","1108","95","233","0.62
0.20","220
130","320","112","1260","120","0.5",""
"Jamnagar","Lamba","7.71","2972","1991","0","159","809","30","202","0.20
1.60","500","160","109","850","810","58.1",""
"Jamnagar","Manpur","7.71","5226","3501","0","610","1456","12","16","1.60","","272","136","1240","156","2.0",""
"Jamnagar","Mojap","8.28","5226
3039","2036","0","195","809","13","242","0.40","160
250","272
52","24","230","125","1.4",""
"Jamnagar","Mota kalawad","7.79","929","622","0","305","135","43","22","0.51","400","68","34","310","138","12.6",""
"Jamnagar","Moti matli","8.07","1079","723","0","488","142","7","10","0.39","400
98","224","112","1020","333","10.4",""
"Jamnagar","Nikava","8.28","1079
3526","2362","0","120","1008","5","192","0.50","98
250","56","41","310","145","0.4",""
"Jamnagar","Pindara","7.94","3526
1249","837","0","305","234","28","17","0.29","250
471","12","12","80","361","13.4",""
"Jamnagar","Raval","7.92","1659","1112","132","306","135","155","70","1.40","370","320","413","2500","1565","18.9",""
"Jamnagar","Salaya","8.94
7.75","10650","7136","0","451","3799","4","87","4.32
0.35","370
230","72","354","470","117","0.4",""
"Jamnagar","Samrasar","7.75
8.08","1284","860","0","281","185","105","138","0.35","180","108","46","460","77","0.8",""
"Jamnagar","Seth vadala","8.08
8.21","1206","808","0","220","135","230","65
52","0.31
0.45","400","88","49","420","106","7.1",""
"Jamnagar","Toda","","1113","746","0","488","114","40","52","","220","360","231","1850","1131","14.2",""
"Jamnagar","Vadtara","8.27","8026","5377","0","268","2698","50","185","0.80","220
420","76","36","340","129","0.4",""
"Jamnagar","Varwada","7.52","8026
1052","705","0","512","99","21","39","0.50","420
240","52","22","220","136","0.8",""
"Jamnagar","Vedpanchasara","8.27","1052
964","646","0","293","156","35","22","0,60","240","89","77","530","98","1.8",""
"Jamnagar","Vijarkha","8.15","964
1389","931","0","268","269","34","106","0.64","220
120","500","44","3050","1325","21.1",""
"Junagadh","Ajotha","7.97","10410","6975","0","146","3728","52","425","0.02","","760","158","2550","1177","33.5",""
"Junagadh","Antroli","7.51","10410","6868","0","146","2876","50","806","0.20","120","","401","3850","399","4.2",""
"","","7.49","10250","6868","","","","","","0.25","90","880","401","","","",""
"Junagadh","Arena","7.30","8244","5523","0","110","3018","76","244","0.25
0.67","490","168","112","880","851","12.3",""
"Junagadh","Bamanwara","8.00","5505","3688","0","598","1448","37","134","0.67","260","64","65","430","70","2.2",""
"Junagadh","Bantva","8.00","1039","696","0","317","113","49","115","0.75","420","80","126","720","127","0.6",""
"Junagadh","Bhimdeval","7.94","1854","1242","0","512","312","140","15","0.68","410","152","44","560","194","4.3",""
"Junagadh","Bilkha","7.84
8.23","1820","1219","0","500","369","49","3","0.80","410
290","44","41","280","33","2.0",""
"Junagadh","Budhecha","8.23
8.29","680","456","0","354","35","6","4","0.86","150","48","34","260","280","2.9",""
"Junagadh","Dhokadva","8.29","1734","1162","0","183","383","4","161","0,30","250","72","46","370","32","0.9",""
"Junagadh","Galodar","8,01
7.99","709","475","0","305","50","43","79","0.35
1.26","250
270","64","27","270","113","2.0",""
"Junagadh","Girgadhada","","925","620","0","329","114","46","41","1.26","250","24","60","310","25","0.8",""
"Junagadh","Gorajt","7.93
8.18","615","412","0","305","28","12","61","0.36
0.30","250
220","72","34","320","82","2.2",""
"Junagadh","Jargali","7.99","980","657","0","0 268","149","60","16","","200","76","26","290","29","3.9",""
"Junagadh","Junagadh1","7.99
8.04","678","454","","0 244","92","18","6","0.35","120","960","268","3250","339","3.7",""
"Junagadh","Juthal","8.04","","4878","","0 146","2556","120","113","0.45","","112","170","3500","731","17.9",""
"Junagadh","Kalej","7.37","7280","6627","","0 220","3124","24","409","0.30","180","100","60","500","113","12.3",""
"Junagadh","Kanek","7.39
8.19","9891
1442","966","","0 622","121","35","33","0.2","510
150","56","36","290","120","22.8",""
"Junagadh","Kansari","7.88","996","667","","0 183","206","130","5","","280","272","34","820","523","17.2",""
"Junagadh","Kewarda","","3926","2630","","0 342","966","34","258","0.30","","120","88","660","292","6.0",""
"Junagadh","Khambalia1","7.76","3926
2553","1711","","0 634","440","46","103","0.88","520","144","49","560","346","29.6",""
"Junagadh","Khokharda","8.10","2553
2688","1801","","0 293","596","14","200","0.28","240
200","96","66","510","105","1.0",""
"Junagadh","Khorada1","8.07","1372","919","","0 244","249","70","120","0.28","340","76","142","780","132","1.4",""
"Junagadh","Khoras ahir","7.8","2000","1340","","0 415","432","33","78","0.75","340","700","49","1950","1041","2.9",""
"Junagadh","Kodinar1","7.93","8320","5574","","0 122","2450","28","566","0.20","260","320","377","2350","1220","24.6",""
"Junagadh","Kukaswada","7.47","8453","5664","","0 317","2840","37","628","0,44","120","460","413","2850","1535","12.1",""
"Junagadh","Lohej","7.31","10680","7156","","0 146","3799","","26 594","0.02","210","","41","400","145","2.9",""
"Junagadh","Maktupur1","7.37","1366","915","","0 256","320","41","13","0.62","","","60","230","","69 0.6",""
"Junagadh","Manketara","7.96","1366","","","0","57","57","36 17","0.53","250","","","","","32 0.4",""
"Junagadh","","","758","508","","0","","","","","190","","56","34 280","","",""
"Junagadh","Mendarda1","8.21","674","452","","0 232","","57","14 63","0.57","160","","44","27 220","","47 0.2",""
"Junagadh","Moraj","7.98","615","412","","0 195","107","","11 0","0.47","","","52","53 350","","90 3.5",""
"Junagadh","Patla","8.12","951","637","","0 366","106","","26 67","1.32","300 340","104","","67 540","","48","1.3"
"Junagadh","Prasli","8.11","1160","777","","0 415","106","","70 92","0.30","","","60","79 480","137","1.1","1.1"
"Junagadh","Prempara","7.95","1441","965","","0 464","206","","49 61","0.11","380 420","","64","83 500","689","10.0",""
"Junagadh","Sametar","8.17","3973","2662","","0","512 753","","1 478","1.48","180","144","","58 600","186","","0.9"
"Junagadh","Sepa","8.07 7.88","2007","1345","","0","220 383","165","137","0,48","160","480","231","2150","1800","10.7",""
"Junagadh","Seriakhan","","12250","8208","","0","195 3444","","22 926","0.34","120","","144","32","490 138","","9,9"
"Junagadh","Shardagram","7.54","1584","1061","","0","146 376","","115 39","0.01","190","","176","83","780 621","21.9",""
"Junagadh","Sil","8.18","4275","2864","","0","232 1193","","35 198","0.50","470","","56","134","700","160","0.6"
"Junagadh","Sil bandar
Una2","8.19","1945","1303","","0","573","276","130 72
90 26","0.82","300","","160","726","720","96","1.4"
"Junagadh","Una2","","1726","1156","","0","366","369","","","","300","52","63","390","175","1.7"
"Junagarh","Anandpur","8.04","1518","1017","","0","366","192","100 109","","0.6","240","60","38","310","31","1.5"
"Junagarh","Chokhli","8.25","","472","","0","293","50","16 49","0.88","","","68","46","360","24","0.1"
"Junagarh","Govindpara","7.87","","531","","0","329","43","9 71","0.05","","270 220","32","44","260","23","0.3"
"Junagarh","Kasiya naka","7.89","","403","","0","268","50","12 8","","0.28","200","920","58","470","225","2.7"
"Junagarh","Kenedipur","","8.10","1277","","0","244","518","4 15","","0.23","","280","156","1290","","6.2"
"Junagarh","Saradiya","","7.97 1906","5574","","0","195 2765","","32 10","","1.10","160","","276","1850","910","5.7"
"Kacchh","Bambhedai","","8320 7.83","5034","","0","293 1985","","43 687","","0.77","240","280 240","24","700","605","3.3"
"Kacchh","Ughedi","","7.77 7514","2616","","0","415 1134","","15 38","","1.20","340","92","10","270","360.0 341",""
"Kacchh","vadala","","7.83 3905","1340","","0","488","447","12 347","","0.70","400","92","26","440","210","9.2"
"Kachchh","Bhadia mota","","8.08 2000 1762","1181","","0","329","425","6 10","","1.80","270","88","7","250","66","9.0"
"Kachchh","Bhadreshwar","","8.09","743 498","","0","281","106","6 5","","0.48","230","180","144","1050","472","13.0"
"Kachchh","Bhuj1","","8.2","2616","","0","366","1170","2 96","","1.35","120","52","62","390","174","16,7"
"Kachchh","Chandranagar","","8.06","992","","0","146","291","8 217","","0.05","270","112","77","600","190","36.0"
"Kachchh","Deshalpur rapar","","8.20","1341","","0","329","390","44 140","","1.80","","","","","",""
"Kachchh","Devisar","","8.26","2002","","","","","","","","","","","","",""
"","","","","","","","","","","","","","","","","",""
"","","","","","","","","","","","","","","","","",""
"TABLE 4","","","","","","","","","","","","","","","","",""
"","","","","","","","","","","","","","","","","",""
"","","","","","","439","177","8","23","1.00","360","72","17","250","182","1.8",""
"Kachchh","Dunai","8.07","1239","830","0","439
134","78","29","60","0.47","210","72","5","200","58","11.9",""
"Kachchh","Gandhidham1","9.16","792","531
872","60
0","305","262","8","69","1.20","250","64","53","380","150","9.1",""
"Kachchh","Haboi","8.13","1301","872","0","268","71","11","221","0.58","220","76","24","290","24","6.1",""
"Kachchh","Kanmer","8.04","661","443","60","403","78","14","54","1.40","430","20","7","80","245","2.4",""
"Kachchh","Karagoga","8.45","1160","777
953","192","73","184","15","77","2.80","380","28","5","90","300","4.3",""
"Kachchh","Kotadi","8.42","1422","","0","512","213","22","25","1.80","420","52","14","190","268","1.3",""
"Kachchh","Kotaya","8.28","1371","919","0","","886","2","30","0.80","260","140","108","800","350","6.6",""
"Kachchh","Kotda jadvapur","8.12","3012","2018","0","317","","15","28","0.35","410","120","12","350","676","24.5",""
"Kachchh","Kothara","8.09","3750","2513","0","500
537","957
156","26","10","0.88","440","104","43","440","118","16.5",""
"Kachchh","Kuda","8.12","1380","925","0","537
281","745","4","291","0.34","230","220","72","850","276","5.5",""
"Kachchh","LAKHPAT","7.26","2678","1794
4597","0
0","281
256","1666","72","741","0.90","210","56","120","1900","700","13.6",""
"Kachchh","Lilpur","7.78","6861","","0","293","603","29","146","1.35","240","220","24","650","290","15.6",""
"Kachchh","Lodai","8.05","2340","1568","0","476","291","14","404","0.28","390","80","10","240","280","6.3",""
"Kachchh","Mota Asambia","8.20","1630","1092","0","366","1099","24","70","0.13","300","240","48","800","496","59.0",""
"Kachchh","Moti cher","7.91
8.08","4000
1534","2680
1028","0","451","241","56","374","1.20","370","60","26","260","240","5.4",""
"Kachchh","Mou-moti","8.08","","","96","500","425","30","213","1.10","570","100","24","350","495","4.0",""
"Kachchh","Naliya1","8.47","2665","1786","96","","957","74","663","0.97","250","300","120","1250","400","38.0",""
"Kachchh","Rapar2","7.94","4207","2819","0
0","305
464","213","10","87","0.20","380","100","55","480","140","12.4",""
"Kachchh","Rathanpurkhadin","8.44","1443","967","0
0","488","1170","84","49","1.90","400","160","108","850","619","11.2",""
"Kachchh","Samkhiari","7.96","4385","2938","0","244","113","0","52","0.08","200","56","43","320","44","3.0",""
"Kachchh","Sedat","8.19","742","497","0
0","268","957","2","9","0.70","220","160","24","500","494","8.4",""
"Kachchh","Shinaya","8.09","3092","2072","","244","1773","8","818","0.90","200","100","384","1850","710","22.4",""
"Kachchh","Sirani Vandh","7.98","6640","4449","0","964","1099","56","127","2.10","790","140","36","500","940","8.6",""
"Kachchh","Tera","8.29","5000","3350","0","415","674","3","12","1.30","340","140","24","450","390","9.9",""
"Kachchh","Vinjhan1","8.08","2565","1719","","464","503","140","163","0.97","380","132","91","710","310","11.0",""
"Kheda","Alina","7.92","2611","1749","0","464","121","20","30","0.60","190","64","31","290","56","2.1",""
"Kheda","Balasinor1","8.13","793","531","0","232","121
43","4","10","0.84","220","56","17","210","40","4.0",""
"Kheda","Bar","8.20","580","389","0
0","268
512","106","30","113","0.60","420","44","72","410","140","17.0",""
"Kheda","Bariyavi","8.28","1260","844","0
0","939","170","21","28","1.04","770","88","55","450","281","19.2",""
"Kheda","Dakor","8.29","2080","1394","0","1025","815","30","217","0.77","840","300","132","1300","440","33.0",""
"Kheda","Juna vasadra","8.27","4370","2928","0","","57","11","105","1.28","490","44","53","330","167","0.7",""
"Kheda","Kalesar","8.55","1167","782","96","403
573","461","43","15","3.20","470","80","96","600","270","15.0",""
"Kheda","Ladvel","8.24","2287","1532","0","659","425","75","5","0.96","540","220","24","650","260","52.0",""
"Kheda","Mahudha","8.29","2486","1666","0","","2836","2","551","0.70","280","400","312","2300","1200","17.4",""
"Kheda","Muliyad","7.68","9879","6619","0
0","342
622","2836
92","1","78","0.80","510","52","127","660","30","0,5",""
"Kheda","Nadiad2","8.29","1300","871","","","993","10","172","0.18","620","100","120","750","500","300.0",""
"Kheda","Shekhupura","8.27","4253","2850","0","756
268","28","60","3","0.07","220","64","14","220","42","40.0",""
"Mahesana","Asjol","7.87","642","430","0","415","418","45","7","0.70","340","36","43","270","328","2.0",""
"Mahesana","Bhandupara","7.03","1940","1300","0
0","598","291","20","27","0.80","490","160","36","550","185","0.7",""
"Mahesana","Budasan","8.25","1816","1217","0","671","163","8","19","1.08","550","52","50","340","217","3.9",""
"Mahesana","Dharpura","8.06","1630","1092","","","773","9","21","0.15","260","46","109","570","379","10.0",""
"Mahesana","Dosaj","8.28","1760","1179","0","317
537","149","35","25","1.50","440","36","48","290","194","40,0",""
"Mahesana","Kheralui","8.29","1435","961","0","915","681","2","363","0.00","750","120","276","1450","300","9.4",""
"Mahesana","Maguna","8.00","4260","2854","0","476","744","50","116","0.20","390","140","120","850","352","20.0",""
"Mahesana","Panchot","7.96","3012","2018","0","586","64","14","30","0.50","480","48","31","250","146","44.0",""
"Mahesana","Rampura1","7.91","1200","804","","220","92","8","16","0.70","260","48","26","230","86","27.0",""
"Mahesana","Sihi","8.42","860","576","48","244","71","12","20","0.02","200","48","26","230","38","20.0",""
"Mahesana","Tarabh","8.02","700","469","","573","106","50","6","1.08","470","144","31","490","83","5.1",""
"Mahesana","Timba","8.09","1200","804","","1403","2021","34","178","0.88","1150","140","300","1600","1220","160.0",""
"Mahesana","Unad","8.29","9000","6030","","952","780","175","25","0.64","780","160","120","900","535","75.0",""
"Mahesana","Unawa","7.98","4090","2740","","0 549","638","14","213","1.27","450","100","120","750","390","77,0",""
"Mahesana","Unjha","8.11","3160","2117","","647","532","42","133","0.01","530","140","156","1000","213","12.9",""
"Mahesana","Vidaj","8.06","2902","1944","","354","21","","24","0.50","290","72","15","240","51","0.5",""
"Narmada","Amiyar","7.99","515","345","","281","21","","6 34","0.35","230","72","","7 210","42","0.6",""
"Narmada","Besana","8.09","395","265","","","35","25","38","0.40","240","88","10","260","42","0.7",""
"Narmada","Devji Faliya","8.02","534","358","","305","64","11","12","0.60","250","68","15","230","62","0.2",""
"Narmada","Jankh","8.07","544","364","","464","78","12","112","0.30","380","104","24","360","119","5.9",""
"Narmada","Kanbi pitha","7.86","808","541","","192","78","11","17","0.35","157","68","24","270","12","2.8",""
"Narmada","Khadiapada","7.73","591","396","","0","","","4 0","0.65","400","64","29","280","104","0.6",""
"Narmada","Khota amba","7.69","621","416","","0 488
268","21","","9 34","0.35","220","48","19","200","43","0.1",""
"Narmada","Moti Singlot","8.10","357","239","","232","57","","3 2","0.60","190","36","22","180","45","0.2",""
"Narmada","Ralda","7.95","408","273","","0
0 476","319","10","20","0.35","390","120","44","480","182","4.4",""
"Narmada","Rasela","7.77","1943","1302","","0 293","78","","4 18","0.55","240","","52 27","240","62","0.4",""
"Narmada","Ringani","7.76","483","324","","","57","140","25","0.65","290","","72 32","310","93","0.3",""
"Narmada","Selemba","7.85","741","496","","0","64","","3 16","0,35","230","","60 24","250","","0,8",""
"Narmada","Sunderpura","7.84","540","362","","0
0 256","92","","22","0.35","210","","56 17","210","","0.3",""
"Narmada","Umaran","7.94","496","332","","464","781","","2 47","0.23","380","","88 112","680","399","18.0",""
"Navsari","Abrama","7.91","3091","2071","","0","","","9 42","0,60","260","","72 32","310","","57 2.0","2.0"
"Navsari","Chandav","7.84","886","594","","0","554","85","2 210","0.22","700","","48","63 380","289","556.0",""
"Navsari","Chinam","8.28","3020","2023","","0
0","163","","44 10","0.00","400","","40","280","145","66.1",""
"Navsari","Dandi","7.89","1337
474","896
318","","0 183","","36","0 44","0.35","150","","52","17 200","","22","0.6"
"Navsari","Doldha(New)","","","629","","0 427","","78","5 40","1.18","350","","56","41 310","","92",""
"Navsari","Duvada","7.93","939","629","","0","135","","44 6","0,77","300","","48","32 250","132","","6.9"
"Navsari","Eru","8.20","988","662","","0","121","","46 0","0.22","400","156","156","22 480","","60 13.2",""
"Navsari","Hond","7.39","1262","846","","0","","71","9 60","0.30","250","","96","32 370","","24","2.7"
"Navsari","Kaliyari","7.72","853","572","","0","","64","9 15","0.22","240","","68","24 270","","39","0.3"
"Navsari","Khergam","7.79","735","492","","0","","35","2 20","0.77","230","","56","19 220","","39","0.3"
"Navsari","Manavkhadak","7.86","602","403","","0","","43","23 4","0.72","300","","52","36 280","280","51","1.3"
"Navsari","Moti Valzar","7.52","716","480","","0","2059","","23 47","0.35","260","","260 219","1550","791","","9.9"
"Navsari","Navsari1","7.70","6349","4254","","0
0","199","","2 3","0.36","290","290","84","29 330","330","115","5.8"
"","","7.98","1157","775","","","","","","","","","","","","",""
"","","","","","","","","","","","","","","","","",""
"","","","","","","","","","","","","","","","","",""
"TABLE 5","","","","","","","","","","","","","","","","",""
"","","","","","","","","","","","","","","","","",""
"","","","","","","305","107","10","26","0.23","250","84","41","380","27","",""
"Navsari","Panikhadak","7,74","851","570","0
0","549","57","8","5","2.40","450","12","29","150","180","5.5",""
"Navsari","Parajan","8.28","1055","707","0","195","35","2","7","0.53","160","40","17","170","23","0.2",""
"Navsari","Ramla","7.92","443","297","0
0","378","653","0","27","0.07","310","108","124","780","226","33.5",""
"Navsari","Sari khurd","7.86","2635","1765","","427","121","18","20","1.19","350","64","22","250","130","26.2",""
"Navsari","Ubhrat","7.65","1088","729","0","305","71","38","63","0.94","250","92","22","320","60","1.5",""
"Panchmahals","Chhabanpur","7.73","831","557
1683","0
132","305
73","567","45","173","5.20","280","120","36","450","400","2.3",""
"Panchmahals","Dhanol nani","8.42","2512","1683","0","281","113","23","31","0.98","230","92","24","330","53","4.2",""
"Panchmahals","Gadhar","7.72","873","585","0","317","64","32","13","3.20","260","84","19","290","50","5.4",""
"","","8.28","710","476","0","317","","","","","","","43","290","78","2.5",""
"Panchmahals","Godhara (College","","","","0","378","71","27","23","0.93","310","44","","","","",""
"Panchmahals","Godhara Jilla Sev","7.96","843","565","0","329","142","28","48","1.18","270","44","50","320","105","1.7",""
"Panchmahals","Godhra(Mandir)","8.07","1028","689","36","134","21","3","15","0.40","170","48","14","180","18","2.1",""
"Panchmahals","Godhra(Sch","8.71","392","263","36","281","50","43","79","1.12","230","36","43","270","70","1.0",""
"Panchmahals","Jambughora","8.26","800","536","0
0","537","156","5","8","1.23","440","96","38","400","128","7.7",""
"Panchmahals","Jokha","8.14","1338","896","0
0","64","163","80","484","1.00","52","32","77","400","210","0.8",""
"Panchmahals","Kalol urban 1","8.16","1957","1311","0
0","683","78","5","26","2.20","560","44","60","360","160","1.9",""
"","Khadki","8.21","1352","906","","","","","","0.65","230","72","29","300","48","0.9",""
"Panchmahals","","","","","","281","71","31","44","","","","","","","",""
"Panchmahals","Khanpur","7.80","782","524","0
0","317","92","10","39","0.99","260","80","7","230","98","1.9",""
"Panchmahals","Kotha","7.80","806","540
1206","0","305","340","64","85","0.65","250","124","58","530","160","4.8",""
"Panchmahals","Kothamba","7.71","1800","1206","0","390","71","7","59","1.05","320","68","43","350","65","1.9",""
"Panchmahals","Limbadia peti","7.90","974","653
1199","0","513","319","45","4","0.20","420","208","31","650","123","20.3
2.0",""
"Panchmahals","Lunawada","8.03","1790","1199","0","256","50","7","71","0.98","210","76","19","270","43","2.0",""
"Panchmahals","Malekpur1","8.00","668","448","0","207","113","28","22","1.40","170","92","5","250","60","2.3",""
"Panchmahals","Natapur","7.93","686","460","0","464","461","100","220","1.50","380","320","36","950","185","6.3",""
"Panchmahals","Ranipura","7.79","2650","1776","0","305","135","11","74","0.34","250","92","24","330","92","1.3",""
"Panchmahals","Santrampur1","7.70","970","650
1237","0","793","170","26","4","0.81","650","52","38","290","290","79.0",""
"Panchmahals","Shehra","8.10","1846","1237
3283","0","171","1347","110","379","0.94","140","300","312","2050","230","10.1
14.0",""
"Panchmahals","Silwad","8.03","4900","708","0","390","99","40","44","0.98","320","108","31","400","65","14.0",""
"Panchmahals","Suliyat","7.97","1056","708","0","366","43","5","18","0.70","300","44","19","190","90","14.1",""
"Panchmahals","Tuwa","8.14","740","496
1400","0","586","362","21","27","1.20","480","44","86","470","265","12.5
30.0",""
"Panchmahals","Vejalpur","7.72","2090","1400","0","464","71","5","10","0.47","380","80","22","290","79","30.0",""
"","Dharmoda","8.27","985","660","","","","","","0.20","370","52","38","290","176","37.0",""
"Patan","","","","","0","451","220","2","30","0.20","","","","","","",""
"Patan","Dhinoj","7.52","1392","933","0
0","293","3474","17","880","0.48","240","360","552","3200","1350","26.6",""
"Patan","Moti chander","7.94","11450","7672","0","1159","461","34","21","2.80","950","48","139","700","423","86.5",""
"Patan","Patan2","8.00","3260","2184","36","634","1276","190","531","5,60","580","220","96","950","1000","0.9",""
"Patan","Piprala","8.43","6040","4047","","744","780","11","128","1.40","610","120","48","500","630","36.0",""
"Patan","Radhanpur2","8.22","3548","2377","0","256","85","4","20","0.43","210","56","26","250","40","7.5",""
"Patan","Sander","8.05","675","452","","610","3368","20","381","4.00","700","200","240","1500","2040","10.6",""
"Patan","Santhalpur","8.57","10895","7300","120","427","71","5","5","1.35","350","44","27","210","117","8.5",""
"Patan","Shankhari","8.18","886","427","0","720","156","150","35","1.28","590","128","92","700","126","11.2",""
"Porbandar","Adwana1","8.15","1879","1259","","207","1349","78","69","0.15","170","248","112","1080","530","35.9",""
"Porbandar","Balej","7.57","4520","3028","","232","1590","76","82","0.31","190","368","141","1500","510","7.4",""
"Porbandar","Bhavpura","7.55","5145","3447","","281","1136","3","146","0.12","230","144","126","880","519","4.9",""
"Porbandar","Kadegi","7.94","4075","2730","","146","28","","3 6","0.35","120","28","19","150","9","1.9",""
"Porbandar","Khambodar","8.28","326","218","","342","1491","27","87","0.58","280","104","95","700","839","64.1",""
"Porbandar","Kuchhadi","7.95","5194","3480","","0 390","1335","120","155","1.20","320","240","136","1160","611","45.3",""
"Porbandar","Kutiyana1","7.78","5027","3368","","0 390","809","75","20","0.20","320","224","39","720","385","42.3",""
"Porbandar","Miyani","7.54","3097","2075","","0 183","163","24","10","0.01","150","72","22","270","58","20.6",""
"Porbandar","Navibandar","8.05","770","516","","0 415","2485","19","329","1.35","340","200","207","1350","1335","35.7",""
"Porbandar","Oddar","7.92","7584","5081","","0 232","838","185","31","0.30","190","224","63","820","345","20.1",""
"Porbandar","Palkhada","7.82","3182","2132","","0 476","781","60","55","0.00","390","120","58","540","493","18.4",""
"Porbandar","Pata","8.03","3201","2145","","0","440","10","25","0.57","240","48","39","280","271","31.2",""
"Porbandar","Porbandart","8.28","1768","1185","","0 207","163","37","28","0.66","170","68","32","250","98","2.0",""
"Porbandar","Ranavav","7.78","867","581","","0 281","85","26","29","0.95","230","","36 24","190","99","1.9",""
"Porbander","Adityana","7.94","681","456","","0","405","74","39","0.60","300","100","56","480","230","9.3",""
"Porbander","Bakharla","8.12","1889","1266","","0","1306","","74 87","1.00","190","240","226","1120","501","3.9",""
"Porbander","Kandorna","7.50","4360","2921","","60 464","206","","27 16","2.14","480","","32","12 130","317","1.6",""
"Porbander","Kolikheda","8.29","1458","977","","0","966","","11 56","0.01","140","232","","83 920","307","23.4",""
"Porbander","Mochchha","7.62","3017","2021
4508","","0 256","2237","","72 209","0.46","210","460","292","2350","613","","1.6"
"Porbander","Mojieana","7.72","6729","4508
2888","","0","1065","","49 226","1.10","360","","80","83 540","745","","7.2"
"Porbander","Ratadi","7.97","4310","2888","","0","3905","","1 271","0.70","300","220","292","1750","2030","41.2",""
"Porbander","Ratanpur","7.76","10790","7229","","0
0","682","","78 40","0.76","240","128","128","68 600","246","148.2",""
"Porbander","Ratia","7.71","2649","1775
198","","24","73","14","2 34","0.35","100","","32","15 140","","8","1.9"
"Porbander","Simar","8.61","296","198","","24","135","135","22 8","0.17","170","","36","24","","68 41.3",""
"Porbander","Tukra gosa","8.39","694","465
3499","","0","195 1562","","41 143","1.28","160","","107","1040","707","47.5","3.5"
"Porbander","Visavada","7.81","5223","","","0","4864","","25 25","4.20","390","","360 681","3700","1700","",""
"Rajkot","Amar nagar","7.87","14250","9548","","0","281","895","150 286","0.75","230","","176 102","102","860 492","","2.3"
"Rajkot","Chhatar","8.04","3869","2592","","0","49","937","66 220","0.35","","40","296 111","1195","","215","3.2"
"Rajkot","Chordi","7.67","3360","2251
708","","0","293","192","10 20","0.33","240","","92","2","240","140","2.8"
"Rajkot","Dadia","8.07","1057","708
3568","","0","195 1477","","280 169","0.35","0.35","160","448","29 2140","","245","0.8 2.1"
"Rajkot","Ganod","7.62","5326","3568","","24","134","43","2 30","0,28","0.28","150","36","34","230","7",""
"Rajkot","Gavridad","8.42","","200","","0","378","241","180 156","","0.37","310","140","44","530","199","4.0"
"Rajkot","Hadmatia","8.05","1904","1276","","0","488","213","184 95","","0.60","400","68","141","750","103","3.0"
"Rajkot","Halenda","","8.24 1675","1122","","0","207","43","2 15","","0.30","170","52","15","190","27","3.2"
"Rajkot","Jamwali","","8.16","437 293","","0","122","497","250 7","","0.28","100","208","32","650","170","5.0"
"Rajkot","Jasapur","","7.80","1337","","0","146","596","27 161","","0,32","120","224","19","640","240","1.0"
"Rajkot","Jasdan2","","7.86 2320","1554","","0","73","2592","9 158","","0.29","60","1160","12 2950","","453","2.5"
"Rajkot","Jetpur pithad.","","7.50 7791","5220","","0","122","1377","135 248","","0.40","100","376","122","1490","435","2.7"
"Rajkot","Kamlapur","","7.68","3202","","0","268","64","61 77","","0.40","220","40","24","100","157","0.8"
"Rajkot","khamta","","8.09","881 590","","0","207","391","13 89","","0.25","170","144","5","380","208","3.1"
"Rajkot","Khirsara-1","","7.92","1102
1020","","0","37","412","68 81","","0.10","30","140","0","350","188","3.4"
"Rajkot","Kolithad 1","","8.09","1522","","","","","","","","","","","","",""
"","","","","","","","","","","","","","","","","",""
"","","","","","","","","","","","","","","","","",""
"TABLE 6","","","","","","","","","","","","","","","","",""
"","","","","","","","","","","","","","","","","",""
"","","","","","","","36","13","17","0.50","270","76","0","190","74","",""
"Rajkot","Lalavadar","8.25","696","466","0","329","36
305","11","42","0.42","190","108","15","330","161","7.2",""
"Rajkot","Macchukunda","8.22","1360","911","0
0","232
293","128","7","5","0.47","240","64","15","230","87","17.3",""
"Rajkot","Malia","8.14","846","567","0","220","1392","42","592","0.55","180","272","146","1280","709","12.7",""
"Rajkot","Modpar-1","7.66","5564","3728","0
0","500","369","25","157","1.70","410","104","44","440","315","3.3",""
"Rajkot","Morvi","8.03","2251","1508","0","103","121","75","80","0.49","84","76","15","250","70","1.6",""
"Rajkot","Mota dadwa","8.02","826","553","0","500","937","6","254","1.48","410","88","39","380","755","3.4",""
"Rajkot","Mota dhansura","8.09","4106","2751","0","500","50","8","8","0,95","250","40","12","160","82","1.9",""
"Rajkot","Motagundala","8.28","628","421","0","305","50
881","110","216","0.35","150","264","102","1080","296","207.0",""
"Rajkot","Movaiya","8.10","3423","2293","0","183
146","51","7","14","0.28","120","48","5","140","34","1.9",""
"Rajkot","Neknam","8.21","371","249","0
0","427","334","35","15","1.40","350","40","29","220","301","1.6",""
"Rajkot","Nichi mandal","8.04","1730","1159","","329","1235","66","581","0.65","270","188","73","1020","770","1.9",""
"Rajkot","Padadhari","8.01","5319","3564","0","134","1434","180","197","0.32","110","432","210","1940","262","0.6",""
"Rajkot","Patanvav","7.58","4987","3341","0","305","170","19","80","0.26","250","128","17","390","93","7.7",""
"Rajkot","Rajkot1","8.44","1181","791","0
0","134","483","36","160","0.20","110","208","7","550","205","1.2",""
"Rajkot","Ribda","8.22","1990","1333","","506","213","7","10","0.35","595","64","19","240","273","65.3",""
"Rajkot","Sardhar2","8.48","1733","1161","108
0","122","64","3","6","0.26","100","48","5","140","28","2.0",""
"Rajkot","Sarvad","8.28","315","211","0","281","540","135","46","0.60","230","208","63","780","175","1.9",""
"Rajkot","Sayapar","7.90","2323","1556","0
0","415","497","72","97","0.46","340","64","24","260","437","0.5",""
"Rajkot","Sindhavadar","8.28","2374","1591","0","342","327","70","76","0.20","280","140","63","610","126","0.4",""
"Rajkot","Targhari","8.21","1763","1181","0","134","369","120","14","0.17","110","164","24","510","110","1.2",""
"Rajkot","Umarali","7.75","1509","1011","0","61","1505","130","286","0,25","50","672","0","1680","425","3.9",""
"Rajkot","Upleta1","7.68","5215","3494","0","451","710","40","108","1.25","370","88","39","380","530","2.0",""
"Rajkot","Vinchhia","8.07","3077","2062","0","610","625","65","23","0,94","500","80","0","200","585","1.6",""
"Rajkot","Viranagar","8.17","2923","1958","0","317","440","136","50","0.40","260","128","54","540","235","18.1",""
"Rajkot","Virpur-1","8.01","2209","1480","84","305","185","25","24","0.42","390","80","46","390","143","9.2",""
"Rajkot","Wankaner","8.40","1296","868","84
0","476","92","30","35","0.68","390","84","41","380","94","2.5",""
"Sabarkantha","Alwakampa","7.90","1093","732","0
0","195","120","30","46","0.26","160","84","22","300","48","4.5",""
"Sabarkantha","Atarsumba","8.21","827","554","0
84","171","425","64","6","1.70","280","44","58","350","276","5.1",""
"Sabarkantha","Bhadreshwar1","8.81","2038","1365","84","512","567","90","1","0.60","420","340","12","900","270","1.4",""
"Sabarkantha","Boral","7.88","2822","1891","0","122","674","95","283","0,34","100","340","36","1000","200","0.9",""
"Sabarkantha","Boriya","7.18","2773","1858","0","122","432","86","18","0.87","100","84","60","460","160","4.7",""
"Sabarkantha","Chandav","8.28","1774","1189","0","110","383","210","83","0.80","90","212","53","750","67","2.1",""
"Sabarkantha","Choriwad","8.07","1800","1206","0","573","149","29","16","0,65","470","128","60","570","71","1.8",""
"Sabarkantha","Dhansura1","8.01","1376","922","0
0","159","248","175","107","0.90","130","72","74","490","115","1.7",""
"Sabarkantha","Gadada","8.28","1410","945","48","122","603","120","247","1.70","180","160","60","650","345","1.7",""
"Sabarkantha","Gadha1","8,53","2703","1811","132","195","92","74","54","1.65","380","92","2","240","180","1.7",""
"Sabarkantha","Harsolt","8.85","1192","799","0","659","277","13","34","3.00","540","96","36","390","276","6.6",""
"Sabarkantha","Idar","8.26","1870","1253","0","256","64","22","28","0.86","210","76","7","220","60","0.8",""
"Sabarkantha","Karanpur","7.82","625","419","0","110","220","140","61","0.55","90","116","38","450","61","4.6",""
"Sabarkantha","Kesharpur","8.15","1179","790","132","170","99","48","63","3.00","359","76","2","200","190","0.6",""
"Sabarkantha","Kesharpur Idar","8.94","1183","793","132","","886","140","243","0.94","70","400","96","1400","140","2.1",""
"Sabarkantha","Khedbramha","7.87","3253","2180","0","85
281","142","85","24","0.86","230","100","22","340","87","0.6",""
"Sabarkantha","Malpur","7.79","1024","686","0 0","159","199","105","6","0.30","130","60","12","200","141","32.0",""
"Sabarkantha","Mathasliya","8.29","1073","719","0","97","503","140","69","0.22","80","128","94","710","126","23.0",""
"Sabarkantha","Matoda","8.19","2100","1407","0","256","113","41","71","0.80","210","68","24","270","97","1.9",""
"Sabarkantha","Medasana","8.14","856","574
702","0","146","149","90","137","0.46","120","116","17","360","87","0.8",""
"Sabarkantha","Modasa2","7.96","1048","702","96","207","234","22","32","0.93","330","80","53","420","137","7.0",""
"Sabarkantha","Poshina2","8.56","1440","965","48","24","78","44","48","0.40","100","56","10","180","54","0.3",""
"Sabarkantha","Punasan","8.49","585","392","84","159","886","18","16","0,90","270","200","48","700","400","21.0",""
"Sabarkantha","Ramgarh","8.60","3183","2133","60","12","510","26","97","0.71","110","40","50","310","300","11.1",""
"Sabarkantha","Ratanpur2","8.56","2000","1340","","268","241","170","92","0.99","220","160","43","580","101","2.6",""
"Sabarkantha","Revas","7.56","1600","1072","","134","85","38","60","2.96","230","104","14","320","61","3.4",""
"Sabarkantha","Sabalwad","8.68","880","590","72","232","64","","5 25","0.58","190","64","14","220","43","1.7",""
"Sabarkantha","Sathamba","8.1","606","406","","0 171","326","100","142","0.61","140","136","46","530","141","3.6",""
"Sabarkantha","Seenawad","7.79","1641","1099","","171","42","16","10","0.34","200","72","12","230","25","4.3",""
"Sabarkantha","Shamlaji","8.48","515","345","36 36","134","432","66","23","0,60","170","44","62","370","228","1.7",""
"Sabarkantha","Takatuka","8.57","1700","1139","60","232","206","48","29","1.60","290","14","38","260","183","0.9",""
"Sabarkantha","Umedpur","8.64","1303","873","","171","50","","3 40","0.18","140","76","","2 200","26","4.8",""
"Sabarkantha","Vijaynagar1","8.28","460","308","","159","35","35","11","0.67","130","52","","2 170","24","0.4",""
"Sabarkantha","Virpur2","8.28","395","265","","0","191","145","18","1.20","170","88","24","320","120","4.3",""
"Sabarkantha","Wadali","8.23","1196","801","","0 488","107","24","-17","0.20","400","44","54","340","99","23.4",""
"Surat","","0 8.25","1155","774","","0 586","1775","40","324","0.30","480","240","61","850","1167","6.2",""
"Surat","Anita","8.12","6003","4022","","0 366","99","37","37 10","0.62","300","","88","310","48","63.1",""
"Surat","Arda-boratha","7.57","960","643","","0 256","","28","24 12","0.77","210","","24","36 210","34","0.7",""
"Surat","Bagumda","8.00","583","391","","0","206","","18 33","0.66","380","","72","80 510","99","0.2",""
"Surat","Bedchiet","7.83","1436","962","","0 366","","78","0 15","1.33","300","","44","34 250","83","1.5",""
"Surat","Bhatkol","8.17","850","570","","0","114","","7 12","0.38","370","","64","29 280","125","7.1",""
"Surat","Bhurvel (ukai)","7.88","1082","725","","0
0","","28","4 4","0,47","180","","40","22 190","18","18","1.0"
"Surat","Chavada","7.85","450","302","","0","","36","29 17","0.9","420","","12","44 210","140","","0.8"
"Surat","Digas","8.22","1024","686","","0","199","","13 45","1.31","520","108","","68 550","145","","4.0"
"Surat","Dungri","8.22","1670","1119","","0","","21","2 14","0.32","320","","36","34 230","","63","0.8"
"Surat","Jesingpura[sg]","7.88","723","484","","0","270","","46 4","0.32","130","120","","10 340","105","","1.4"
"Surat","Juna umarpada","7.68","1195","801","","0
0","","71","20 33","0.20","340","104","","24 360","","61","1.8"
"Surat","Kadod-1","7.91","976","654","","0","","11","0 34","0.37","160","","52","15 190","","10","0.5"
"Surat","Kalkui","8.21","413","277","","207","","28","0 16","0.20","170","","56","12 190","","17","1.9"
"Surat","Karanjvel","8.14","393","263","","0","","135","14 36","0.55","450","","16","83 380","144","","0.8"
"Surat","Kathor","7.78","1379","924","","0
0","","78","3 10","0.47","200","","68","22 260","","30","0.7"
"Surat","Katra deeh","7.91","654","438","","0","","28","9 26","0.50","250","","56","15 210","","53","0.5"
"Surat","Kherwa(Vadali)","7.92","620","415","","0
0","586","71","7 22","1.15","480","","84","58 450","","75","2.8"
"Surat","Madhi (New)","8.16","1132","758","","0","329","178","2 130","0.23","270","","116","56 520","","65","0.5"
"","Madhi-1","7.79","1357","909","","","","","","","","","","","","",""
"","","","","","","","","","","","","","","","","",""
"","","","","","","","","","","","","","","","","",""
"TABLE 7","","","","","","","","","","","","","","","","",""
"","","","","","","","","","","","","","","","","",""
"","","","","","","622","142","23","5","0.53","510","72","92","560","76","18.4",""
"Surat","Malda","7.76","1484","994","0","366","121","55","32","0.50","300","80","49","400","70","0.5",""
"Surat","Mandvi2","7.82","1096","734","0","366
671","540","16","70","1.25","550","48","68","400","465","1.9",""
"Surat","Mota","8.01","2812","1884","0
0","305","57","26","18","0.33","250","24","39","220","70","0.4",""
"Surat","Moti Sarkui","7.79","720","482","0
0","244","28","25","13","0.35","200","48","27","236","18","0.2",""
"Surat","Motichher","7.91","512","343","0","659","483","11","28","1.15","540","48","63","380","410","13.0",""
"Surat","Navi Pardi","7.96","2521","1689","0","317","21","17","129","0.45","260","68","7","280","73","0.2",""
"Surat","Nesharpur","8.11","445","298","0","647","121","36","8","0.7","530","96","61","490","106","18.7",""
"Surat","Nizar1","7.57","1454","974","0","378","99","23","53","0.23","310","84","41","380","67","3.6",""
"Surat","Nogama","7.86","1044","699","0","549","185","60","25","0.3","450","28","27","180","242","72.1",""
"Surat","Olpad2","8.28","1584","1061","0","488","107","2","5","0.44","400","32","22","170","180","11.7",""
"Surat","Palsana","8.08","1114","746","0
0","232","433","15","131","0.38","190","176","71","730","105","0.6",""
"Surat","Paneshwar","7.85","1922","1288","0","378","43","27","14","0.32","310","40","32","230","82","1.6",""
"Surat","Paniwara","7.79","809","542","0","537","128","36","18","0.75","440","60","71","440","107","0.9",""
"Surat","Puna-1","7.91","1273","853","0
0","293","966","0","172","0.10","240","192","97","880","423","5.8",""
"Surat","Sachin towan","7.62","3660","2452","0","500","99","13","17","2.70","410","20","36","200","178","1.7",""
"Surat","Sarbhon","8.04","1141","764
548","0","293","107","1","9","0.35","240","76","27","300","48","6.1",""
"Surat","Surat city","8.26","818","548","","439","376","33","16","0.23","360","92","90","600","157","0.8",""
"Surat","Syan","8.15","1870","1253","0","305","28","10","26","0.65","250","28","41","240","40","0.3",""
"Surat","Ten-Bardoli","7.97","650","436","0
0","305","57","36","14","0.31","250","56","27","250","58","0,0",""
"Surat","Tokarwa 1","7.79","747","500","0","366","64","39","22","0.32","300","44","44","290","72","0.4",""
"Surat","Uchchhal1","7.64","881","590","0","293","43","19","18","0.45","240","60","19","230","49","1.8",""
"Surat","Ushker","7.9","667","447","","268","50","12","19","0.27","220","68","27","230","42","0.3",""
"Surat","Vaheval","8.00","571","383","0","415","50","0","45","2.2","340","44","44","290","80","0.3",""
"Surat","Valod","8.29","841","563","0
0","427","1953","50","87","0.32","350","560","49","1600","769","63.7",""
"Surat","Velachha","7.71","6201","4155","0","305","36","10","19","0.45","250","24","15","120","97","0.3",""
"Surat","Vyara1","7.94","654","438","0","366","540","18","27","1.05","300","84","78","530","270","1.8",""
"Surat","Warod","8.05","2237","1499","0","48","281","241","22","0.60","39","64","19","240","193","16.0",""
"Surendranagar","Adriyana","8.71","1360","911","0
0","195","57","4","48","0.82","160","60","2","160","63","4.8",""
"Surendranagar","Bajana","8.07","598","401","0","342","92","70","18","0.77","280","96","2","250","110","1.7",""
"Surendranagar","Bamanbor","7.93","971","651","0
0","317","710","3","175","0.10","260","40","0","100","625","5.2",""
"Surendranagar","Dasada-1","8.76","2937","1968","0","415","767","50","98","1.49","340","128","68","600","452","15.7",""
"Surendranagar","Halvad2","8.22","3194","2140","0","294","178","22","95","0.60","241","60","12","200","190","12.6",""
"Surendranagar","Jhinjhuwada","8.66","1116","748","0","405","951","4","260","0.22","332","56","14","200","812","7.1",""
"Surendranagar","Kharaghoda","8.28","3904","2616","0","305","128","16","50","0.35","250","72","14","240","119","7.0",""
"Surendranagar","Kherwa","8.19","949","636","0","390","263","6","73","2.2","320","92","32","260","240","17.1",""
"Surendranagar","Lakhtar","7.85","1606","1076","0","281","348","17","76","1.35","230","64","29","280","250","2.4",""
"Surendranagar","Latuda","8.14","1676","1123","","378","1377","105","402","1.30","310","208","107","960","839","4.9",""
"Surendranagar","Mathak","8.16","5578","3737","0 0","293","866","180","295","1.49","240","136","78","660","586","4.6",""
"Surendranagar","Miani","8.10","3891","2607","","220","1562","180","164","0.60","180","344","360","2340","179","0.7",""
"Surendranagar","Moti Moladi","7.53","5452","3653","0 0","500","426","46","258","2.90","410","64","5","180","530","1.1",""
"Surendranagar","Muli","8.48","2537","1700","0","183","14","1","8","0.25","150","40","7","130","23","2.4",""
"Surendranagar","Pipli","8.26","285","191","","476","497","125","103","1.42","390","96","29","360","438","5.7",""
"Surendranagar","Rajsitapur","8.27","2652","1777","","183","14","3","7","0.45","150","24","22","150","14","2.7",""
"Surendranagar","Ranipet","8.10","319","214","","403","369","11","48","1.45","330","64","27","270","299","2.5",""
"Surendranagar","Sara","8.13","1834","1229","","317","596","20","214","1.04","260","80","58","440","420","2.8",""
"Surendranagar","Sarla","8.07","2696","1806","","244","78","","2 8","0.33","200","48","","0 120","93","5.6",""
"Surendranagar","Shiyani","8.02","597","400","","268","1051","320","160","0.45","220","408","63","1280","399","2.9",""
"Surendranagar","Sudamda","7.52","4295","2878","","574","525","170","98","1.5","470","96","49","440","471","2.0",""
"Surendranagar","Sukhpar1","8.28","2963","1985","","0 171","320","65","85","1.4","140","80","34","340","185","2.5",""
"Surendranagar","Surendranagar2","8.10","1488","997","","0 195","263","36","20","1.25","160","36","","2 100","225","7.6",""
"Surendranagar","Tavi1","7.65","1184","793","","0 427","639","70","105","0.9","350","96","44","420","465","19.5",""
"Surendranagar","Visawadi","8.17","2949","1976","","0","149","21","12","0.75","400","76","19","270","147","34.2",""
"Surendranagar","Warod","8.03","1189","797","","0 171","36","19","3","0.05","140","44","","5 130","37","0.3",""
"The Dangs","Aherdi","8.16","302","202","","0 317","128","18","31","0.1","260","80","29","320","78","12.0",""
"The dangs","Ahwa1","8.08","1045","700","","195 0","21","","19 13","0.24","160","44","","10 150","32","0.2",""
"The Dangs","Amba Pada","8.13","304","204","","0 342","","28","5 8","0,44","280","44","41","280","","25 0.2",""
"The Dangs","Bandi pada","7.79","667","447","","0 183","71","125","15","0.20","150","","84","15 270","","30 32.8",""
"The Dangs","Bhansh kathari","8.22","729","488","","0","","28","28 12","0.15","170","","64","180 5","","30 0.9",""
"The dangs","Bori gaotha","8.21","449","301","","0","","28","27 15","0.20","120","","52","5 150","","22",""
"The dangs","Bori pada","8.17","385","258","","0","","14","19 13","0.05","150","","52","2 140","","27 0.2",""
"The dangs","Chikhli","8.17","386","259
399","","0","98","64 170","6","0.20","","80","68","19 250","","30","0.8"
"The Dangs","Chinch pada","8.01","596","399","","0","","50","62 11","0.20","180","","80","5 220","","43","1.2"
"The dangs","Chinchnogaotha","8.19","606","406","","0","","14","20 24","0.20","160","","40","19 180","","19","0.1"
"The dangs","Dhumkal","8.18","342","229","","0","","21","6 6","0.10","150","","56","2 150","","19","0.8"
"The Dangs","Gadad (New)","8.24","371","249","","0","","21","21 18","0.15","170","","56","12","190","21","0,8"
"The dangs","Ghubita","8.18","418","280
358","","0","183","36","76 16","0.28","150","","76","15","","14","0.7"
"The dangs","Jakana","8.07","534","358","","0","122","57 125","6","0,60","100","","72","19","210","37","0.2"
"The Dangs","Jamal pada","7.99","579","388","","","183","36","31 29","0.46","150","","64","5","180","36","0.6"
"The Dangs","Kalam khan","8.24","519","348","","0","171","43","27 0","0.28","140","","44","15","170","25","1.0"
"The dangs","Malegaon","8.11","356","239","","0","256","21","5 5","0.25","210","","56","2","150","46","0.8"
"The dangs","Nadak khadi","8.23","483","324","","0","220","14","19 9","0.07","","180","52","12","160","30","0.3"
"The dangs","Nana pada","8.17","352","236","","0","159","21","22 19","","0.20","130","36","12","140","27","0.8"
"The Dangs","Pipri","8.09","269","180","","0","171","28","22 33","","0.06","140","48","15","180","24","0.5"
"The Dangs","Sakar patar","8.18","","224","","0","162","14","22 21","","0.25","133","14","2","110","38","0.6"
"The Dangs","Sarvan","8.18","8.18","155","","0","159","21","20 20","","0.30","130","52","5","150","22","0.4"
"The dangs","Sodmal","","8.25","252","","0","195","28","28 10","","0.14","160","52","15","190","20","0.8"
"The dangs","Subir","","8.02","275","","","207","28","29 19","","0.12","170","52","19","210","20","0.3"
"The dangs","Umberpada","","8.12","406 272","","0
0","171","36","25 27","","0.25","140","56","12","190","23","0.3"
"The Dangs","Vazat Amba","","8.21","278","","0","183","36","20 30","","0.15","150","52","15","190","27","1.0"
"The Dangs","Waghach","","8.14","394 264","","0","451","135","29 44","","1.25","370","48","49","320","145","3.4"
"Vadodara","Alladpur","","7.84 1104","740","","","","","","","","","","","","",""
"","","","","","","","","","","","","","","","","",""
"","","","","","","","","","","","","","","","","",""
"TABLE 8","","","","","","","","","","","","","","","","",""
"","","","","","","","","","","","","","","","","",""
"Vadodara","Amreshwar","7.93","3629","2431","0","488","994","15","45","0.65","400","160","85","750","520","12.7",""
"Vadodara","Baladgam","8.11","1165","781","0","476","177","31","53","1.20","390","104","46","450","127","2.0",""
"Vadodara","Bhindol","8.27","1662","1114","0","1000","128","11","62","2.70","820","36","51","300","360","1.6",""
"Vadodara","Bodeli","7.67","1609","1078","0","207","305","48","60","1.15","170","144","24","460","115","2.6",""
"Vadodara","Chhaliyar","8.19","810","543","0","439","35","24","18","0.95","360","60","34","290","74","0.7",""
"Vadodara","Chhota udepur","7.65","2042","1368","0","281","447","4","38","0.30","230","92","36","380","245","0.6",""
"Vadodara","Dewat","8.00","668","448","0","329","21","130","50","0.70","270","80","24","300","73","0.4",""
"Vadodara","Ferkuva","8.06","1087","728","0","317","99","41","65","0.35","260","128","29","440","29","7.6",""
"Vadodara","Ghamodi","7.97","390","261","0","207","28","14","10","1.30","170","40","7","130","48","2.6",""
"Vadodara","Govindpura","7.63","5417","3629","0","476","1313","12","149","2.55","390","200","195","1300","523","5.8",""
"Vadodara","Juna samalya","8.23","1579","1058","0","415","284","17","17","0.70","340","40","46","290","225","0.6",""
"Vadodara","Kevadi","7.75","513","344","0","293","50","22","3","1.45","240","72","0","180","72","12.7",""
"Vadodara","Kevdabagh","8.13","1361","912","0","610","163","6","76","1.35","500","20","10","140","313","9.7",""
"Vadodara","Makni","8.08","1486","996","0","537","163","140","30","0.65","440","140","44","530","133","5.3",""
"Vadodara","Odd","8.13","368","247","0","232","35","12","3","1.05","190","56","0","140","53","1.4",""
"Vadodara","ONGC Campus","8.38","2703","1811","96","708","476","8","48","1.40","740","24","34","200","589","3.7",""
"Vadodara","Pavi","8.13","2517","1686","0","573","504","12","51","1.30","470","120","56","530","334","6.9",""
"Vadodara","Pitha","7.98","1148","769","0","122","149","60","219","1.20","100","44","68","390","93","2.5",""
"Vadodara","Renda","7.83","736","493","0","354","57","80","10","0.50","290","68","39","330","54","0.4",""
"Vadodara","Sadli","7.82","910","610","0","293","142","34","37","0.60","240","108","39","430","37","3.7",""
"Vadodara","Saidal","7.89","4211","2821","0","988","994","10","62","0.90","810","220","207","1400","416","58.1",""
"Vadodara","Sengpur","8.05","871","584","0","464","71","8","29","0.70","380","148","0","370","69","2.2",""
"Vadodara","Tejgadh","7.86","541","362","0","256","21","20","13","1.75","210","68","7","200","34","0.7",""
"Vadodara","Tundav","7.88","2029","1359","0","586","284","230","101","0.50","480","68","100","580","275","15.3",""
"Vadodara","Vejpur2","8.60","3095","2074","156","366","603","11","153","1.40","560","180","12","500","503","8.2",""
"Vadodara","Waghach","8.15","1009","676","0","317","227","30","43","1.20","260","60","12","200","210","1.6",""
"Valsad","Amba Talat","7.84","549","368","0","268","28","2","17","0.46","220","44","29","230","23","0.3",""
"Valsad","Awadha","7.92","542","363","0","268","36","2","7","0.33","220","44","27","220","28","0.2",""
"Valsad","Chavshala","7.94","508","340","0","195","36","3","32","0.20","160","16","7","180","31","3.3",""
"Valsad","Dahli (bhilad)","8.10","552","370","0","244","50","6","7","0.35","200","48","15","180","48","1.4",""
"Valsad","Dharampur3","7.83","603","404","0","220","50","2","39","0,47","180","56","27","230","30","0.2",""
"Valsad","Huda","7.60","465","20","0","207","28","18","10","0.35","170","56","0","140","42","13.3",""
"Valsad","Kanadu","8.17","465","312","0","220","28","1","9","0,44","180","52","12","180","24","0.4",""
"Valsad","Kaparda","7.99","365","245","0","134","36","2","15","0.12","110","40","5","120","27","2.7",""
"Valsad","Karwad","8.05","890","596","0","390","71","0","25","0.12","320","60","36","300","68","10.5",""
"Valsad","Lakadmal","7.95","475","318","0","195","50","2","2","0.25","160","52","10","170","30","0.8",""
"Valsad","Mandva","7.97","497","333","0","220","36","8","11","0.15","180","80","5","220","14","1.2",""
"Valsad","Muli1","8.00","2737","1834","0","366","554","4","260","0.15","300","80","54","420","435","2.7",""
"Valsad","Nana ponda","8.04","1302","872","0","378","185","3","71","0.50","310","112","41","450","93","1.3",""
"Valsad","Tithal","7.82","2131","1428","0","708","327","8","25","0.26","580","96","61","490","253","28.2",""
"Valsad","Tumb","8.00","765","513","0","366","57","2","6","0.62","300","32","41","250","65","0.9",""
"Valsad","Udwada","7.79","931","624","0","317","92","21","52","0.40","260","68","36","320","66","0.7",""
"Valsad","umargaon","7.98","1100","737","0","354","149","15","30","0.20","290","56","49","340","95","6.7",""
"Valsad","Vapi (Balitha)","8.03","617","413","0","207","78","8","18","0.25","170","60","17","220","40","0.9",""
"Valsad","Wankal","8.23","670","449","0","317","28","0","32","0.50","260","44","22","200","62","0.9",""
