"SN","District","Location","pH","EC","TDS","CO3","HCO3","CI","NO3","SO4","F","Alk","Ca","Mg","TH","Na","K","Fe","SAR"
"1","Ahmedabad","Barvala","7.69","4781","3203","0","1342","780","17","270","3.25","1100","40","48","300","1020","0.4","","25.60"
"2","Ahmedabad","Dhandhuka1","7.56","790","529","0","354","43","12","36","2.20","290","24","10","100","140","17.2","","6.09"
"3","Ahmedabad","Gamph","7.90","2550","1709","0","781","461","16","10","0.25","640","28","72","370","416","37.0","","9.40"
"4","Ahmedabad","Tagadi1","7.80","1492","1000","0","439","191","17","15","1.75","360","32","31","210","210","5.2","","6.30"
"5","Ahmedabad","Dalod","7.73","14520","9728","0","1232","4361","45","439","3.10","1010","180","216","1350","2940","33.0","0.40","34.79"
"6","Ahmedabad","Mandal2","8.06","3581","2399","0","573","922","10","18","0.54","470","140","96","750","490","6.9","0.10","7.78"
"7","Ahmedabad","Kundali","7.42","875","586","0","378","85","24","5","0.45","310","36","36","240","100","0.4","","2.81"
"8","Ahmedabad","Rajpada","8.20","2884","1932","0","537","567","250","91","0.43","440","200","168","1200","160","4.5","","2.01"
"9","Ahmedabad","Endla","7.92","698","468","0","317","35","2","37","0.50","260","28","38","230","56","9.5","","1.61"
"10","Ahmedabad","Kumarkhan","8.10","9840","6593","0","1000","2730","46","628","2.40","820","120","216","1200","1940","25.0","","24.35"
"11","Ahmedabad","Viramgam2","7.59","5050","3384","0","512","1383","4","198","0.80","420","120","84","650","900","9.5","","15.35"
"12","Amreli","Govadka","7.90","1872","1254","0","268","419","26","81","0.15","220","68","80","500","195","11.6","","3.79"
"13","Amreli","Vankiya","8.20","1150","771","0","415","92","145","2","0.20","340","68","56","400","88","0.3","","1.91"
"14","Amreli","Untvad","8.00","995","667","0","305","71","170","2","0.26","250","92","34","370","56","0.2","","1.27"
"15","Amreli","Bagasara","7.90","2960","1983","0","439","639","200","72","0.45","360","120","161","960","253","0.0","","3.55"
"16","Amreli","Vaghania juna","8.20","1324","887","0","598","114","18","31","0.90","490","28","27","180","240","6.7","0.00","7.78"
"17","Amreli","Chalala","8.20","620","415","0","268","71","3","12","0.10","220","52","24","230","49","2.3","","1.40"
"18","Amreli","Dharangani","7.80","1790","1199","0","329","362","110","41","0.20","270","80","71","490","197","0.3","","3.87"
"19","Amreli","Kerala","8.20","1850","1240","0","622","249","36","54","0.35","510","44","22","200","346","2.8","","10.64"
"20","Amreli","Morjhar","8.20","938","628","0","220","156","10","54","0.10","180","52","27","240","105","0.7","","2.95"
"21","Amreli","Bherai","8.00","3483","2334","0","891","724","6","63","0.60","730","48","92","500","615","20.6","0.00","11.96"
"22","Amreli","Jafrabad","7.50","2854","1912","0","671","582","29","80","0.85","550","80","58","440","437","101.0","0.00","9.06"
"23","Amreli","Nageshri","7.90","920","616","0","305","121","23","77","0.30","250","48","54","340","84","3.9","0.00","1.98"
"24","Amreli","Bhavardi1","8.20","981","657","0","366","92","52","32","0.25","300","60","46","340","77","2.9","0.00","1.82"
"25","Amreli","Ingorala","8.10","700","469","0","354","36","35","7","0.25","290","56","34","280","45","0.2","","1.17"
"26","Amreli","Khamba","8.20","917","614","0","451","50","35","28","0.19","370","52","44","310","87","0.2","","2.15"
"27","Amreli","Trakuda","7.00","1390","931","0","439","170","135","35","0.10","360","124","63","570","82","1.9","","1.49"
"28","Amreli","Badhda","8.00","1446","969","0","317","192","155","71","0.10","260","76","80","520","98","0.4","","1,87"
"29","Amreli","Bhuva","7.70","12150","8141","0","1013","3408","300","408","0.75","830","320","109","1250","2354","146.0","","28.95"
"30","Amreli","Charkhadia1","8.00","2432","1629","0","1110","163","38","59","1.45","910","20","12","100","524","8.1","","22.78"
"31","Amreli","Goradka","7.70","2216","1485","0","268","341","330","124","0.08","220","188","105","900","93","0.5","","1.35"
"32","Amreli","Piyava","8.20","1411","945","0","610","121","39","45","0.40","500","24","34","200","254","0.3","0.00","7.81"
"33","Amreli","Kunkavav","8.00","2004","1343","0","244","426","110","98","0.35","200","108","73","570","198","0.7","","3.61"
"34","Amreli","Chavand","8.20","580","389","0","342","36","5","26","0.35","280","48","24","220","66","0.3","","1.93"
"35","Amreli","Lathi","7.90","1398","937","0","451","213","17","19","0.50","370","52","41","300","188","0.0","","4.72"
"36","Amreli","Luvariya","8.20","1307","876","0","683","92","20","57","2.20","560","24","7","90","314","0.0","0.55","14.39"
"37","Amreli","Tajpur","7.90","2005","1343","0","305","277","260","146","0.48","250","156","51","600","188","1.1","0.63","3.34"
"38","Amreli","Punjapadar","8.20","787","527","0","366","57","8","27","1.70","300","12","2","40","175","2.7","0.76","12.03"
"39","Amreli","Mandal","7.90","2210","1481","0","329","312","190","266","0.60","270","96","78","560","270","4.3","","4.96"
"40","Amreli","Victor","8.20","1703","1141","0","598","234","3","53","1.90","490","16","15","100","362","12.9","","15.74"
"41","Amreli","Charnara","7.70","3936","2637","0","866","880","6","172","1.50","710","40","29","220","890","11.9","0.00","26.09"
"42","Amreli","Fifad","7.80","6862","4598","0","1145","1576","32","245","0.55","939","88","146","820","1220","18.2","0.17","18.52"
"43","Amreli","Hipa vadali","8.10","2592","1737","0","1391","57","68","85","1.30","1140","20","22","140","565","0.2","0.00","20.76"
"44","Amreli","Kadiyali","7.40","3773","2528","0","634","895","14","41","2.05","520","176","49","640","560","11.9","0.00","9.62"
"45","Amreli","Tajpur","7.60","2200","1474","0","634","341","95","50","1.40","520","32","5","100","478","0.6","","20.78"
"46","Anand","Anand","7.60","1253","840","0","598","99","18","17","0.30","490","28","70","360","140","2.5","","3.21"
"47","Anand","Anklav2","8.12","1100","737","0","512","78","36","14","0.90","420","28","53","290","132","1.8","","3,37"
"48","Anand","Navapura","8.06","1400","938","0","622","106","40","14","0.48","510","68","72","470","110","5.5","","2.21"
"49","Anand","Ras","7.50","1743","1168","0","842","227","20","5","2.00","690","32","19","160","400","5.7","","13.75"
"50","Anand","Kansari1","8.10","4278","2866","0","586","993","24","242","0.60","480","100","96","650","700","4.0","","11.94"
"51","Anand","Laxmipura","8.00","3367","2256","0","793","709","30","62","1.10","650","100","48","450","600","2.1","","12.30"
"52","Anand","Ghora","7.92","1780","1193","0","537","241","115","18","0.67","440","84","41","380","238","13.0","","5.31"
"53","Anand","Adas","8.10","970","650","0","427","78","39","9","0.43","350","48","82","460","20","2.4","","0.41"
"54","Anand","Dharmaj","7.76","2450","1642","0","964","276","48","32","0.22","790","32","50","290","445","1.0","","11.36"
"55","Anand","Tol","7.60","877","588","0","439","50","5","16","0.30","360","68","22","260","86","7.2","","2.32"
"56","Anand","Utiyapara","7.70","680","456","0","390","42","2","6","0.15","320","88","29","340","22","1.1","","0.52"
"57","Banaskantha","Amirgadh","7.90","3942","2641","0","515","993","100","187","0.60","422","200","216","1400","330","3.7","0.05","3.83"
"58","Banaskantha","Iqbalgarh","8.20","680","456","0","281","64","25","20","0.25","230","52","38","290","34","0.9","","0.87"
"59","Banaskantha","Kidotar","7.98","1661","1113","0","695","149","36","52","1.00","570","88","70","510","165","9.0","0.00","3.18"
"60","Banaskantha","Ganapipli","8.20","838","561","0","329","85","36","14","2.60","270","52","34","270","79","1.2","","2.09"
"61","Banaskantha","Mohabbat gadh","7.80","1500","1005","0","244","347","75","15","1.15","200","176","31","570","94","3.2","0.05","1.71"
"62","Banaskantha","Ratanpur2","8.00","960","643","0","220","142","85","37","0.50","180","120","12","350","65","2.6","0.04","1.51"
"63","Banaskantha","Gangodra","7.81","1990","1333","0","366","367","40","154","1.00","300","104","58","500","239","5.2","0.00","4.65"
"64","Banaskantha","Jorapura","7.90","1277","856","0","268","220","38","108","0.70","220","120","46","490","87","1.7","","1.71"
"65","Banaskantha","Sodapur","7.69","1160","777","0","366","156","19","75","1.35","300","52","22","220","184","2.3","0.00","5.39"
"66","Banaskantha","Meda","8.08","960","643","0","281","106","60","88","0.17","230","92","34","370","70","2.9","","1.58"
"67","Banaskantha","Palanpur2","8.26","1308","876","0","464","170","75","37","0.67","380","28","27","180","250","0.8","0.00","8.10"
"68","Banaskantha","Bharol1","8.10","517","346","0","207","35","6","30","0.10","170","44","22","200","12","42.0","0.00","0.37"
"69","Banaskantha","Khoda","8.00","3287","2202","0","634","674","90","112","4.20","520","140","60","600","498","26.6","","8.84"
"70","Banaskantha","Dantiwada 1","7.96","624","418","0","244","57","34","26","0.50","200","84","14","270","31","1.0","","0.82"
"71","Bharuch","Roja tankaria","7.70","1488","997","0","439","227","1","24","0.03","360","76","34","330","175","35.0","0.22","4.19"
"72","Bharuch","Juna borbhata","8.24","1460","978","0","476","213","13","73","0.14","390","48","77","440","157","45.0","","3.25"
"73","Bharuch","Motwan","8.10","1670","1119","0","476","298","5","56","0.48","390","48","50","330","253","8.2","","6.06"
"74","Bharuch","Mulad","8.06","2357","1579","0","598","418","18","118","0.38","490","44","70","400","380","1.2","","8.26"
"75","Bharuch","Panoli","7.80","5000","3350","0","622","1347","55","107","1.03","510","116","214","1180","650","3.0","","8.23"
"76","Bharuch","Sajod","8.10","2160","1447","0","891","269","12","6","2.10","730","28","26","180","440","3.6","","14.26"
"77","Bharuch","Bharuch","7.80","2960","1983","0","634","631","8","72","0.15","520","100","137","820","314","2.4","0.00","4.77"
"78","Bharuch","Kaswa","8.08","526","352","0","232","50","2","18","0.11","190","48","14","180","47","12.0","","1.52"
"79","Bharuch","Mahegam1","8.00","496","332","0","244","28","4","12","0.25","200","40","19","180","35","6.6","1.50","1.13"
"80","Bharuch","Navetha","8.00","3095","2074","0","488","780","4","48","0.20","400","132","110","790","323","65.0","","5.00"
"81","Bharuch","Jetpur1","8.10","1600","1072","0","695","142","17","2","0.65","570","72","46","370","193","39.0","","4.36"
"82","Bharuch","Raymal","8.28","1290","864","0","281","284","5","46","0.45","230","56","43","320","170","11.1","","4.13"
"83","Bharuch","Utraj","8.70","1048","702","108","24","149","4","158","0.50","200","16","42","230","162","2.5","","4.64"
"84","Bharuch","Dahegam","7.76","1110","744","0","427","135","20","8","0.04","350","84","34","350","100","40.0","","2.32"
"85","Bharuch","Kalak","7.60","1064","713","0","366","142","14","81","0.25","300","80","34","340","119","13.5","0.34","2.81"
"86","Bharuch","Kavi","7.90","3250","2178","0","854","404","180","240","0.32","700","20","72","350","270","600.0","0.00","6.27"
"87","Bharuch","Sarod","8.00","2300","1541","0","1000","206","4","36","0.58","820","52","137","700","210","5.3","","3.45"
"88","Bharuch","Tankari","7.96","2434","1631","0","903","333","14","30","0.60","740","44","74","420","346","69.0","0.06","7.34"
"89","Bharuch","Talodra","8.10","1169","783","0","378","149","3","88","0.83","310","16","82","380","110","4.5","0.10","2.45"
"90","Bharuch","Bhensli","7.56","600","402","0","268","57","3","19","0.25","220","40","12","150","80","10.8","0.43","2.84"
"91","Bharuch","Luhara","8.20","2917","1954","0","976","369","120","50","0.15","800","48","101","540","340","180.0","0.00","6.36"
"92","Bharuch","Nirnavi","8.20","900","603","0","415","71","2","5","0.28","340","36","29","210","110","22.0","6.25","3.30"
"93","Bharuch","Arethi","7.42","490","328","0","256","21","2","13","0.25","210","48","14","180","35","0.1","0.00","1.13"
"94","Bharuch","Kavachiya","7.90","2600","1742","0","427","532","6","216","0.40","350","420","48","1250","42","2.6","","0,52"
"95","Bharuch","Kondh","8.00","1613","1081","0","390","269","25","47","0.94","320","60","55","280","228","0.5","","5.92"
"96","Bharuch","Mokhdi","7.80","1153","773","0","488","92","13","8","0.25","400","108","41","440","51","4.1","","1.06"
"97","Bharuch","Netrang1","8.20","747","500","0","268","92","8","46","0.24","220","68","46","360","21","0.1","","0.48"
"98","Bharuch","Valia","7.92","3820","2559","0","342","922","10","486","1.20","280","260","96","1050","490","1.7","0.09","6.57"
"99","Bharuch","Chidra","8.00","1297","869","0","427","170","58","5","0.23","350","84","48","410","99","76.0","0.01","2.13"
"100","Bharuch","Jokhala","8.10","1150","771","0","464","71","16","125","1.15","380","68","46","360","123","1.9","0.01","2.82"
"101","Bharuch","Mungaj","8.12","675","452","0","329","28","3","26","0.35","270","76","24","290","23","0.3","0.00","0.59"
"102","Bharuch","Pakhajan","7.86","4263","2856","0","610","1063","10","106","0.15","500","200","144","1100","477","68.0","0.01","6.25"
"103","Bharuch","Sahol","7.50","6120","4100","0","195","1914","2","317","0.25","160","860","132","2700","242","3.8","0.75","2.02"
"104","Bharuch","Sindhav","6.90","16130","10807","0","769","5814","26","20","1.72","630","720","816","5200","1690","120.0","0.18","10.19"
"105","Bharuch","Vegra","7.90","1883","1262","0","281","433","6","68","0.15","230","68","41","340","269","34.9","0,02","6.34"
"106","Bhavnagar","Bhavnagar1","8.20","1451","972","0","427","227","38","34","0.35","350","40","36","250","226","0.3","0.00","6.21"
"107","Bhavnagar","Bhudel","8.00","4193","2809","0","610","881","270","120","0.50","500","64","180","900","553","15.8","","8.01"
"108","Bhavnagar","Bhumbhali","7.80","7366","4935","0","415","1882","8","599","0.55","340","360","158","1550","971","27.7","","10.72"
"109","Bhavnagar","Tardhera","7.10","2083","1396","0","854","213","80","26","1.10","700","100","119","740","165","17.5","0.65","2.64"
"110","Bhavnagar","Dhasa","7.80","1950","1307","0","525","305","3.5","98","0.26","430","108","68","550","194","6.2","","3.60"
"111","Bhavnagar","Gadhada2","7.90","1125","754","0","378","114","34","61","0.15","310","100","27","360","94","0.4","","2.15"
"112","Bhavnagar","Ningala","7.80","998","669","0","390","114","15","13","0.50","320","36","17","160","161","1.5","0.17","5.53"
"113","Bhavnagar","Gariyadhar","7.70","2660","1782","0","317","525","190","186","0.42","260","200","117","980","174","0.2","0.08","2.42"
"114","Bhavnagar","Ghogha","7.70","6760","4529","0","537","1669","380","119","0.60","440","100","109","700","1176","98.1","","19.33"
"115","Bhavnagar","Dudhala","7.60","2227","1492","0","281","440","130","106","0.60","230","144","83","700","173","32.6","","2.84"
"116","Bhavnagar","Longadi","8.10","814","545","0","342","57","2","71","0.53","280","44","22","200","110","26.0","0.00","3.38"
"117","Bhavnagar","Mahuva1","7.90","3444","2307","0","1025","483","70","160","1.15","840","40","14","180","725","1.8","","23.49"
"118","Bhavnagar","Motivadal","8.00","1158","776","0","549","128","12","15","0.35","450","72","58","420","110","10.2","","2.33"
"119","Bhavnagar","Shantinagar","7.90","2030","1360","0","512","369","12","135","0.30","420","168","88","780","146","5.9","","2.27"
"120","Bhavnagar","Khijadiya","7.80","1425","955","0","720","121","55","28","0.80","590","28","15","130","326","12.8","","12.43"
"121","Bhavnagar","Panchpipla","8.00","1150","771","0","415","135","20","17","0.80","340","48","27","230","156","0.0","","4.47"
"122","Bhavnagar","Sajnasar","8.00","1446","969","0","305","263","58","45","0.42","250","100","54","470","115","1.1","0.08","2.31"
"123","Bhavnagar","Satanes","7.80","1451","972","0","659","121","22","13","0.40","540","128","41","480","122","7.8","","2.42"
"124","Bhavnagar","Sandhida","8.00","745","499","0","305","92","2","10","0.35","250","64","32","290","48","2.1","","1.23"
"125","Bhavnagar","Datha","8.00","2665","1786","0","573","554","2","82","0.70","470","40","29","220","520","2.6","","15.24"
"126","Bhavnagar","Talaja2","8.10","1910","1280","0","500","284","100","58","0.35","410","40","10","140","376","0.2","","13.82"
"127","Bhavnagar","Trapaj","7.90","1641","1099","0","342","170","280","115","0,60","280","124","92","690","83","0.7","","1.37"
"128","Bhavnagar","Bhutia","7.90","1955","1310","0","317","412","95","53","0.30","260","152","63","640","157","0.6","","2.70"
"129","Bhavnagar","Jalia","7.70","4070","2727","0","427","1093","70","113","0.50","350","304","223","1680","187","6.1","","1.98"
"130","Bhavnagar","Porbada","8.20","890","596","0","378","99","15","29","0.75","310","72","24","280","99","3.7","0.00","2.57"
"131","Bhavnagar","Timbi2","8.20","404","271","0","195","43","8","12","0.10","160","32","15","140","46","1.4","","1.69"
"132","Bhavnagar","Lonjdhara","8.20","1338","896","0","634","99","25","28","2.20","520","24","24","160","256","0,6","","8.80"
"133","Bhavnagar","Panvi1","8.20","2800","1876","0","1095","341","19","55","2.00","898","24","24","160","599","13.3","","20.59"
"134","Bhavnagar","Vallbhipur","7.90","6384","4277","0","1013","1562","9","118","2.40","830","40","73","400","1287","1.1","","27.98"
"135","Bhavnagar","Ayodhyapuram","8.20","4550","3049","0","1671","611","32","151","4.40","1370","16","19","120","1066","0.2","0,00","42.31"
"136","Bhavnagar","Boda","8.10","1676","1123","0","517","121","65","247","1.10","424","20","10","90","377","1.5","0.00","17.28"
"137","Bhavnagar","Khundeli","7.90","1841","1233","0","305","362","85","92","0.40","250","100","90","620","144","0.2","0.00","2.51"
"138","Bhavnagar","Piprala","8.20","686","460","0","281","71","27","30","0.15","230","56","36","290","44","0.4","","1.12"
"139","Bhavnagar","Vadala","8.00","922","618","0","293","99","76","39","0.26","240","56","46","330","71","0.0","0.00","1.70"
"140","Bhavnagar","Vavdi","8.00","1170","784","0","403","107","130","59","0.35","330","52","83","470","83","0.1","0.00","1.66"
"141","Dahod","Khandania","8.10","730","489","0","354","36","20","129","2.00","290","76","27","300","91","1.2","","2.28"
"142","Dahod","Salaya1","8.10","841","563","0","366","78","30","36","1.00","300","28","27","180","136","0.5","","4.41"
"143","Dahod","Kanjetha","7.60","720","482","0","329","42","34","45","0.85","270","48","27","230","81","3.1","","2.32"
"144","Dahod","Tokarba","8.00","972","651","0","232","170","20","76","0.95","190","76","32","320","97","1.9","","2.36"
"145","Dahod","Dahod1","8.00","927","621","0","220","92","115","57","0.94","180","68","29","290","81","0.0","0.00","2.07"
"146","Dahod","Dahod2","7.50","1376","922","0","427","14","6","207","2.70","350","52","41","300","137","3.3","","3.44"
"147","Dahod","Varamkheda","7.70","747","500","0","329","99","22","22","1.30","270","40","29","220","108","3.3","","3.17"
"148","Dahod","Sukhsar","8.10","743","498","0","366","43","32","36","0.85","300","28","22","160","123","1.4","","4.23"
"149","Dahod","Garbara","7.70","5303","3553","0","586","1136","45","380","3.00","480","160","171","1100","664","36.6","","8.70"
"150","Dahod","Panchwada","7.90","823","551","0","281","64","35","79","1.10","230","48","44","300","62","2.0","","1.56"
"151","Dahod","Limbdi2","8.20","577","387","0","305","50","3","43","1.18","250","36","15","150","102","4.9","0,08","3.62"
"152","Dahod","Mirakhedi","8.10","861","577","0","342","71","65","40","0.82","280","56","27","250","105","0.2","","2.89"
"153","Dahod","Dadhela","8.00","917","614","0","342","78","48","61","1.20","280","32","37","230","123","5.2","","3.53"
"154","Dahod","Wadia","8.00","3200","2144","0","256","731","180","169","1.03","210","244","144","1200","174","10.6","0,00","2.18"
"155","Dahod","Badpa","8.00","1072","718","0","378","135","10","17","2.90","310","48","15","180","164","1.3","0.20","5.31"
"156","Dahod","Dahod urban 2","8.00","2095","1404","0","451","316","205","47","2.40","370","52","90","500","249","4.0","0.07","4.84"
"157","Dahod","Dahod urban 3","7.80","2464","1651","0","244","646","44","90","0,55","200","148","76","680","264","3.8","0.00","4.40"
"158","Dahod","Garadu","8.00","635","425","0","342","50","12","25","0,97","280","28","171","140","115","2.0","0.00","4.23"
"159","Dahod","Thada","8.00","437","293","0","195","43","15","32","1.15","160","44","22","200","32","5.1","2.04","0,98"
"160","Daman","Khariwad daman","7.72","1248","836","0","512","149","5","20","0,60","420","56","43","320","156","7.0","","3.79"
"161","Daman","Ambabari","7.94","1148","769","0","549","113","16","11","0.29","450","132","29","450","86","10.0","","1.76"
"162","Daman","Dabhel","7.64","712","477","0","281","92","13","4","0.27","230","76","36","340","17","0.4","","0.40"
"163","Daman","Dalwada","7.75","701","470","0","281","106","1","7","0.55","230","52","41","300","42","0.6","","1.05"
"164","Daman","Jempore","7.89","1150","771","0","537","71","42","15","0.60","440","100","46","440","70","7.0","","1.45"
"165","Daman","Manwad","7.98","746","500","0","390","43","5","10","0.14","320","72","29","300","44","0.8","","1.10"
"166","Daman","Warkhund","8.01","1460","978","0","415","262","14","14","0.70","340","64","79","490","116","8.0","","2.28"
"167","Diu","Diu","7.90","1208","809","0","488","135","13","7","0.70","400","40","19","180","199","34.2","0.57","6.45"
"168","Diu","Gomtimata","7.80","4065","2724","0","573","880","135","158","0.70","470","80","122","700","599","44.8","0.00","9.84"
"169","Diu","Jolawadi","7.40","11700","7839","0","244","3728","33","719","0.15","200","560","450","3250","1404","43.8","0.00","10.71"
"170","Gandhinagar","Paliya","7.80","1906","1277","0","659","227","100","142","1.10","540","56","115","620","219","0.0","0.00","3.82"
"171","Gandhinagar","Serthapara1","7.60","3100","2077","0","1293","319","34","35","2.10","1060","160","96","800","324","36.0","0.00","4.98"
"172","Jamnagar","Ambardi","7.70","2120","1420","0","345","398","175","71","0.48","283","112","83","620","206","3.7","","3.60"
"173","Jamnagar","Bhanvad","8.00","1099","736","0","329","135","60","32","0.38","270","64","41","330","99","0.4","6.40","2.37"
"174","Jamnagar","Mota kalawad","7.60","2378","1593","0","220","596","37","81","0.60","180","232","73","880","123","1.2","","1.80"
"175","Jamnagar","Dhrol2","8.10","1706","1143","0","525","298","10","76","0.35","430","48","66","390","255","1.9","0.00","5.61"
"176","Jamnagar","Balwa","8.20","922","618","0","232","114","70","82","0,35","190","96","27","350","67","1.5","","1.56"
"177","Jamnagar","Seth vadala","8.00","1346","902","0","317","163","31","170","0.45","260","92","54","450","113","0.9","","2.32"
"178","Jamnagar","Bed","7.60","2414","1617","0","232","426","250","191","0.20","190","208","44","700","230","6.0","","3.78"
"179","Jamnagar","Changa","8.00","1686","1130","0","207","327","105","112","0.26","170","108","56","500","156","1.5","","3.03"
"180","Jamnagar","Gordhanpur","8.10","2396","1605","0","256","561","6","166","0.35","210","96","54","460","336","3.7","","6.81"
"181","Jamnagar","Jambuda","7.90","4711","3156","0","525","1349","11","174","0.50","430","296","195","1540","464","9.4","","5.14"
"182","Jamnagar","Jamnagar2","8.10","851","570","0","317","92","3","76","0.33","260","48","27","230","112","1.2","","3.21"
"183","Jamnagar","Vijarkha","8.10","645","432","0","293","64","8","22","0.12","240","52","22","220","65","0.5","","1.91"
"184","Jamnagar","Amran1","8.20","676","453","0","293","107","3","0","0.20","240","52","17","200","90","5.7","","2.77"
"185","Jamnagar","Bedanpur","7.90","2040","1367","0","256","476","62","82","0.40","210","120","78","620","187","0.5","","3.27"
"186","Jamnagar","Dudhai2","8.20","692","464","0","281","71","3","62","0.48","230","28","15","130","124","2.1","","4.73"
"187","Jamnagar","Haripur2","8.00","1331","892","0","232","185","175","66","0.60","190","84","51","420","113","0.2","","2.40"
"188","Jamnagar","Kalawad","8.00","1794","1202","0","329","277","175","85","0.45","270","92","85","590","141","1.8","0.00","2.52"
"189","Jamnagar","Moti matli","8.00","860","576","0","256","128","34","48","0.51","210","48","27","230","111","1.4","","3.18"
"190","Jamnagar","Nikava","8.00","1400","938","0","439","220","8","36","0.38","360","72","41","350","170","11.3","","3.95"
"191","Jamnagar","Toda","8.20","756","507","0","317","85","60","29","0.45","260","64","27","270","88","1.9","0.00","2.33"
"192","Jamnagar","Bhatia","7.40","6852","4591","0","183","1740","60","693","0.28","150","320","170","1500","877","0.3","","9.85"
"193","Jamnagar","Bhogat","7.50","1840","1233","0","244","405","20","94","1.74","200","76","46","380","238","4.9","","5.31"
"194","Jamnagar","Juvanpur","7.90","2700","1809","0","342","568","125","129","0.32","280","88","68","500","381","4.6","","7.41"
"195","Jamnagar","Kalyanpur1","7.90","1338","896","0","281","234","65","80","0.26","230","64","36","310","180","0.9","","4.44"
"196","Jamnagar","Kalyanpur2","7.80","5755","3856","0","488","1527","80","243","2.00","400","140","170","1050","853","2.6","","11.45"
"197","Jamnagar","Pindara","8.00","1020","683","0","281","170","2","8","0.45","230","68","32","300","85","8.4","","2.13"
"198","Jamnagar","Raval","7.70","3062","2052","0","207","781","70","186","0.20","170","208","83","860","311","1.0","","4.61"
"199","Jamnagar","Kajuda","7.60","5121","3431","0","476","1122","46","504","0.44","390","160","170","1100","670","5.5","","8.78"
"200","Jamnagar","Kuvadia","8.10","708","474","0","220","85","44","26","0.26","180","60","24","250","53","0.3","0.47","1.46"
"201","Jamnagar","Salaya","7.90","1472","986","0","427","206","40","29","0.20","350","92","34","370","155","23.4","","3.50"
"202","Jamnagar","Vadtara","8.10","1205","807","0","354","163","135","62","0.18","290","100","7","280","192","1.2","","4,99"
"203","Jamnagar","Vinjhalpur","8.00","1219","817","0","244","192","65","87","0.20","200","68","17","240","174","1.3","","4.88"
"204","Jamnagar","Lalpur1","7.50","1600","1072","0","329","362","70","32","0.30","270","108","34","410","215","2.4","","4.62"
"205","Jamnagar","Vad panchasara","8.00","1328","890","0","500","185","22","35","0.48","410","92","44","410","147","6.3","","3.16"
"206","Jamnagar","Aramda","7.90","4335","2904","0","1037","838","42","60","0.60","850","120","73","600","685","54.1","","12.16"
"207","Jamnagar","Dwarka","7.80","2172","1455","0","232","469","110","22","0.25","190","72","39","340","291","26.0","","6.86"
"208","Jamnagar","Mojap","7.60","7060","4730","0","659","1882","11","62","1.54","540","140","97","750","1176","71.8","","18.67"
"209","Jamnagar","Samrasar","7.60","11280","7558","0","403","3657","10","390","3.48","330","320","389","2400","1646","25.4","","14.61"
"210","Jamnagar","Varwada","7.30","8243","5523","0","305","2592","60","345","0.75","250","260","291","1850","1156","14.4","","11.69"
"211","Jamnagar","Ambaliya","8.00","3654","2448","0","622","824","4","122","3.20","510","56","107","580","573","16.9","","10.34"
"212","Junagadh","Bilkha","8.20","1000","670","0","244","192","42","76","0.30","200","56","61","390","91","1.0","","2.00"
"213","Junagadh","Junagadh1","8.00","1080","724","0","183","206","60","37","0.25","150","76","41","360","79","2.7","0.85","1.81"
"214","Junagadh","Keshod","8.20","1032","691","0","329","85","38","61","0.30","270","84","32","340","67","7.4","1.70","1.58"
"215","Junagadh","Kodinar1","7.30","2390","1601","0","378","525","32","97","0.75","310","128","92","700","225","1.8","","3.70"
"216","Junagadh","Budhecha","8.20","1603","1074","0","122","369","35","143","0.50","100","84","36","360","205","4.4","","4.70"
"217","Junagadh","Chorwad","7.20","9823","6581","0","122","3515","32","230","0.20","100","860","231","3100","1052","4.3","","8.21"
"218","Junagadh","Juthal","8.20","835","559","0","293","107","7","8","0.30","240","76","24","290","54","2.2","","1.38"
"219","Junagadh","Kanek","7.60","7820","5239","0","146","2556","36","223","0.25","120","980","163","3120","420","17.3","","3.27"
"220","Junagadh","Khambalia1","7.90","4095","2744","0","244","1250","33","59","0.20","200","272","34","820","577","16.6","0,00","8.76"
"221","Junagadh","Kukaswada","7.60","7124","4773","0","146","2414","24","120","0.15","120","820","73","2350","627","3,5","0,00","5.62"
"222","Junagadh","Bantva","7.50","3796","2543","0","378","753","30","452","0,68","310","72","54","400","682","2.0","","14.83"
"223","Junagadh","Antroli","7.10","9820","6579","0","98","3479","70","273","0.15","80","700","280","2900","1146","18.6","","9.25"
"224","Junagadh","Arena","7.80","7800","5226","0","159","2663","60","231","0.15","130","600","231","2450","816","35.3","","7.17"
"225","Junagadh","Bamanwara","7.50","10233","6856","0","110","3373","90","633","0.40","90","","462","4600","479","4.0","","3.07"
"226","Junagadh","Goraj","8.20","980","657","0","342","135","50","15","1.00","280","48","34","260","125","2.5","","3.37"
"227","Junagadh","Khorada1","8.00","2800","1876","0","488","611","155","33","0.66","400","128","88","680","347","1.7","","5.79"
"228","Junagadh","Lohej","7.50","8215","5504","0","293","2840","38","342","0.35","240","480","207","2050","1212","23.9","","11.64"
"229","Junagadh","Maktupur1","7.90","5943","3982","0","683","1775","34","160","0.27","560","400","61","1250","756","326,0","","9.30"
"230","Junagadh","Mangrol1","8.20","1933","1295","0","451","376","105","10","0.90","370","116","34","430","253","27.0","","5.30"
"231","Junagadh","Manketara","8.20","1256","842","0","354","163","35","63","0.90","290","56","34","280","156","4.3","","4.05"
"232","Junagadh","Seriakhan","8.10","1900","1273","0","195","440","135","56","0.28","160","144","58","600","164","1.4","","2.91"
"233","Junagadh","Shardagram","7.50","9372","6279","0","207","3195","19","513","0.38","170","300","292","1950","1534","10.4","","15.10"
"234","Junagadh","Sil","7.90","2905","1946","0","390","724","21","54","0.15","320","96","29","360","459","70.6","","10,52"
"235","Junagadh","Sil bandar","7.70","7343","4920","0","317","2201","64","383","0.50","260","320","170","1500","1084","34.6","","12.17"
"236","Junagadh","Mendarda1","8.20","565","379","0","281","57","4","20","0,48","230","36","39","250","40","0.3","0.00","1.10"
"237","Junagadh","Alwani","8.00","824","552","0","354","64","2","39","0,05","290","40","56","330","43","0.3","","1.03"
"238","Junagadh","Jambur[madhapar","7.40","853","572","0","366","85","9","6","0.28","300","60","41","320","53","2.1","","1.29"
"239","Junagadh","Talala1","8.00","934","626","0","342","71","22","65","0.08","280","44","54","330","63","1.0","","1.51"
"240","Junagadh","Dhokadva","7.80","590","395","0","305","28","11","13","0.18","250","44","34","250","29","2.3","","0.80"
"241","Junagadh","Girgadhada","7.80","778","521","0","354","57","37","8","0.35","290","52","41","300","51","0.3","","1.28"
"242","Junagadh","Jamvala1","7.80","652","437","0","305","43","4","15","0,26","250","56","24","240","42","2.6","","1.18"
"243","Junagadh","Una2","7.60","2931","1964","0","793","483","75","119","2.30","650","88","97","620","419","3.6","","7.32"
"244","Junagadh","Khoras ahir","8.00","1747","1170","0","366","334","72","29","0.20","300","172","46","620","113","1.3","","1,97"
"245","Junagadh","Ajotha","7.30","1405","941","0","268","263","65","48","0.85","220","84","58","450","115","1.4","","2.36"
"246","Junagadh","Govindpura2","7.40","627","420","0","268","50","14","24","0.80","220","48","39","280","23","1.6","0.17","0,60"
"247","Junagadh","Prempara","8.10","1100","737","0","354","142","76","10","0.20","290","72","61","430","62","0.1","","1.30"
"248","Junagadh","Ambervelnes","7.80","750","503","0","366","50","4","3","0.19","300","64","34","300","36","3.8","0.00","0,90"
"249","Junagadh","Bhimvel","8.00","1054","706","0","366","107","40","28","0.50","300","64","34","300","99","2.1","0.00","2.49"
"250","Junagadh","Degam","8.10","3858","2585","0","476","966","26","258","1.00","390","96","83","580","682","24.7","","12.31"
"251","Junagadh","Kansari","7.30","1423","953","0","427","178","105","28","0.95","350","60","63","410","143","1.2","0.40","3.07"
"252","Junagarh","Agatrai","8.00","2681","1796","0","256","696","130","79","0.28","210","216","121","1040","162","0,9","0.00","2.18"
"253","Junagarh","Anandpur","7.70","2200","1474","0","207","525","100","84","0,50","170","160","78","720","170","0.7","","2.75"
"254","Junagarh","Ankalvadi","7.70","612","410","0","281","57","8","2","0.20","230","48","29","240","37","1.8","","1.04"
"255","Junagarh","Chokhli","7.90","1286","862","0","159","263","28","105","0.43","130","72","22","270","170","1.0","","4.50"
"256","Junagarh","Jagrala","8.00","519","348","0","281","28","2","7","0.28","230","44","24","210","32","0.2","0.00","0,96"
"257","Junagarh","Kasiya naka","8.10","700","469","0","390","36","5","4","0.10","320","36","49","290","41","0.0","","1.05"
"258","Junagarh","Kesariya ji","7.40","1870","1253","0","317","369","56","90","0,90","260","72","66","450","220","4.5","0.00","4.51"
"259","Junagarh","Khanderipur","8.00","618","414","0","256","99","2","15","0.20","210","28","46","260","50","0.3","","1.35"
"260","Junagarh","Saradiya","7,60","2460","1648","0","354","540","25","145","0.35","290","128","58","560","310","3.3","","5.70"
"261","Junagarh","Vadal","8.00","1050","704","0","281","163","90","38","0.70","230","72","44","360","100","0,9","","2.29"
"262","Kacchh","Bambhedai","7.88","4696","3146","0","159","1383","1","297","0.50","130","120","120","800","744","5.0","","11.44"
"263","Kacchh","Khorai","7.35","1129","756","0","244","206","46","22","0.00","200","80","29","320","108","9.5","0.36","2,62"
"264","Kacchh","Kotada","7.60","2446","1639","0","256","674","21","130","0.30","210","120","72","600","334","4.9","0.60","5.93"
"265","Kacchh","Luni","7.81","1623","1087","0","171","411","50","19","0.07","140","96","31","370","192","6.2","","4.34"
"266","Kacchh","Suthri","7.86","4725","3166","0","378","1347","6","100","0.77","310","140","84","700","757","5.7","0.00","12.44"
"267","Kacchh","Tuga","8.10","1916","1284","0","256","439","10","48","0.68","210","52","62","390","233","12.9","0.00","5.13"
"268","Kacchh","Ughedi","7.98","6892","4618","0","171","2056","19","474","0.30","140","180","252","1500","960","7.5","","10.78"
"269","Kacchh","vadala","7.98","3976","2664","0","342","1099","23","135","0.66","280","140","108","800","557","5.3","0.00","8.56"
"270","Kachchh","Kotaya","7.90","1153","773","0","378","149","17","79","0.95","310","20","31","180","203","0,9","","6,58"
"271","Kachchh","Kothara","7.56","4897","3281","0","126","1418","5","290","0.00","103","220","108","1000","660","32.0","","9.07"
"272","Kachchh","Mothala","7.70","5921","3967","0","207","1914","1","128","0.20","170","160","216","1300","800","5.2","","9.65"
"273","Kachchh","Naliya1","7.98","1545","1035","0","598","170","6","78","1.15","490","16","31","170","300","3.9","0.08","10.00"
"274","Kachchh","Tera","7.45","4956","3321","0","854","957","27","506","1.50","700","100","120","750","860","13.6","","13.65"
"275","Kachchh","Vinjhan1","7.82","672","450","0","256","57","0","65","0.40","210","32","36","230","60","7.8","","1.72"
"276","Kachchh","Dholavira","7.92","11320","7584","0","842","2552","75","1021","0.20","690","480","240","2200","1500","200.0","","13.90"
"277","Kachchh","Kharoi","7.78","28360","19001","0","366","8190","21","2468","2.20","300","120","300","1550","6000","60.0","","66.26"
"278","Kachchh","Rathanpurkhadir","7.65","3440","2305","0","317","957","22","214","0.60","260","180","132","1000","400","16.0","0.00","5.50"
"279","Kachchh","Samkhiari","8.01","3850","2580","0","537","709","200","347","1.00","440","100","180","1000","354","160.0","","4.87"
"280","Kachchh","Bhuj1","7.66","900","603","0","171","142","4","143","0.14","140","76","22","280","99","13.0","","2.57"
"281","Kachchh","Khavada","7.67","7212","4832","0","146","1844","6","922","0.00","120","260","292","1850","860","20.4","","8.69"
"282","Kachchh","Lodai","7.50","3013","2019","0","183","567","25","588","0.30","150","200","132","1050","250","15.0","","3.35"
"283","Kachchh","Sedat","7.58","590","395","0","207","85","0","37","0.00","170","52","26","240","41","3.0","","1.15"
"284","Kachchh","Sukhpar","7.98","7680","5146","0","146","1950","25","932","1.25","120","100","396","1900","920","4.6","","9.18"
"285","Kachchh","Gandhidham1","7.81","790","529","0","317","99","35","1","0.21","260","64","31","290","65","11.5","","1.66"
"286","Kachchh","Shinaya","7.75","2873","1925","0","293","780","12","44","0.44","240","120","12","350","488","3.8","","11.34"
"287","Kachchh","Lakhpat1","7.60","3477","2330","0","159","815","3","435","0.00","130","180","134","1000","345","8.0","","4.74"
"288","Kachchh","Mata no madh","7.98","968","649","0","159","149","10","155","0.35","130","68","29","290","103","7.1","","2.63"
"289","Kachchh","Moti cher","7.92","3251","2178","0","122","957","5","188","0.00","100","140","144","950","330","19.1","","4.66"
"290","Kachchh","Dunai","7.68","998","669","0","403","106","5","55","0.70","330","32","48","280","122","2.1","","3.17"
"291","Kachchh","Kotadi","7.62","2874","1926","0","537","567","9","252","0.85","440","60","84","500","470","5.8","","9.14"
"292","Kachchh","Mandvi-3","7.60","616","413","0","354","57","6","8","0.00","290","68","14","230","54","29.5","","1.55"
"293","Kachchh","Ratanpur(maum.)","7.80","1282","859","0","342","156","28","143","0.85","280","28","46","260","192","5.6","","5.18"
"294","Kachchh","Bhadreshwar","7.51","721","483","0","220","135","6","5","0.00","180","44","26","220","75","10.1","","2.20"
"295","Kachchh","Karagoga","7.60","4195","2811","0","964","780","8","153","1.20","790","100","24","350","793","2.8","0.00","18.43"
"296","Kachchh","Chandranagar","7.98","1972","1321","0","195","383","4","282","0.43","160","88","84","570","200","8.0","0.20","3.64"
"297","Kachchh","Devisar","7.90","4611","3089","0","244","1276","1","324","0.80","200","160","132","950","650","15.4","0.83","9.17"
"298","Kachchh","Deshalpur rapar","7.80","2250","1508","0","220","432","13","297","0.08","180","132","106","770","160","27.0","","2.51"
"299","Kachchh","Gagodar","7.90","20370","13648","0","366","5850","120","1468","1.40","300","600","657","4200","2800","150.0","4.90","18.78"
"300","Kachchh","Kuda","7.56","950","637","0","390","92","8","47","0.80","320","112","17","350","73","12.0","2.50","1.70"
"301","Kachchh","Lilpur","7.60","6880","4610","0","390","1737","40","850","0.95","320","420","276","2200","700","26.0","0.57","6.49"
"302","Kachchh","Rapar2","7.61","780","523","0","171","121","2","112","0.35","140","68","26","280","70","3.7","","1.82"
"303","Kheda","Balasinor1","7.55","663","444","0","171","99","26","72","0.35","140","68","31","300","36","0.7","","0.90"
"304","Kheda","Juna vasadra","8.05","4010","2687","0","586","922","32","254","0.35","480","200","240","1500","271","22.0","","3.04"
"305","Kheda","Ladvel","7.92","980","657","0","366","121","5","30","0.82","300","28","22","160","145","39.0","","4.98"
"306","Kheda","Alina","7.87","2423","1623","0","464","496","115","29","0.70","380","52","106","570","296","8.2","","5.39"
"307","Kheda","Mahudha","7.60","1911","1280","0","671","284","38","2","0.68","550","44","74","420","261","5.0","","5.54"
"308","Kheda","Nadiad2","7.61","1068","716","0","573","50","1","30","0.46","470","44","79","440","62","15.0","","1.29"
"309","Kheda","Dakor","7.92","1872","1254","0","830","156","21","8","0.72","680","32","77","400","240","12.2","","5.22"
"310","Kheda","Kalesar","8.00","1190","797","0","622","64","7","13","0.92","510","32","55","310","144","0.4","","3.56"
"311","Kheda","Alindra","7,66","789","529","0","390","28","10","45","0.60","320","48","41","290","58","1.7","","1.48"
"312","Kheda","Bariyavi","7.40","1200","804","0","378","156","6","100","0.10","310","56","48","340","139","1.2","","3.28"
"313","Kheda","Muliyad","7.98","6945","4653","0","171","2304","4","220","0.50","140","260","228","1600","950","0.4","","10.33"
"314","Kheda","Parvada","7.52","1200","804","0","476","120","25","4","0.70","390","56","43","320","112","27.0","","2.72"
"315","Mahesana","Asjol","8.18","540","362","0","220","28","60","4","0.08","180","64","12","210","29","12.1","0.85","0.87"
"316","Mahesana","Dharpura","8.20","990","663","0","500","57","16","8","0.70","410","32","14","140","172","46.0","0,05","6.32"
"317","Mahesana","Budasan","7.98","2580","1729","0","695","567","26","88","0.60","570","260","72","950","250","38.0","","3.53"
"318","Mahesana","Vidaj","7.86","2363","1583","0","573","390","50","100","0.20","470","140","36","500","245","157.0","0.20","4.76"
"319","Mahesana","Kheralu1","7.94","1796","1203","0","561","234","18","112","1.76","460","60","60","400","244","0.1","0.00","5.30"
"320","Mahesana","Rampura1","8.10","1214","813","0","537","92","5","89","0.37","440","64","34","300","170","2.1","0.00","4.27"
"321","Mahesana","Unad1","8.06","9124","6113","0","1488","2304","40","122","1.37","1220","200","240","1500","1460","23.0","0.00","16.39"
"322","Mahesana","Maguna","7.92","3081","2064","0","964","496","30","58","0.55","790","96","98","650","430","34.0","","7.33"
"323","Mahesana","Panchot","8.06","1950","1307","0","500","362","6","21","0.25","410","52","36","280","310","73.0","0.00","8.05"
"324","Mahesana","Dosaj","8.20","2920","1956","0","317","709","55","25","0.30","260","200","36","650","319","108.0","0.00","5.44"
"325","Mahesana","Sihi","7.60","830","556","0","317","85","17","10","0.33","260","52","29","250","72","51.0","0.00","1,98"
"326","Mahesana","Unawa","8.00","4310","2888","0","744","1064","8","29","0.40","610","140","180","1100","491","74.0","0.26","6.44"
"327","Mahesana","Bhandupara","8.10","2286","1532","0","488","447","3","72","0.72","400","32","70","370","344","20.8","0.00","7.78"
"328","Mahesana","Tarabh","8.10","512","343","0","244","43","2","11","0.30","200","56","17","210","30","7.7","","0.90"
"329","Mahesana","Unjha","7.68","3256","2182","0","610","496","150","322","1.00","500","120","108","750","422","94.0","0.00","6.70"
"330","Narmada","Kanbi pitha","8.10","603","404","0","305","35","2","17","0.25","250","56","31","270","23","0.1","","0.61"
"331","Narmada","Garudeshwar","7.90","1080","724","0","476","64","46","28","0.48","390","88","53","440","50","3.0","","1.04"
"332","Narmada","Hirapura","8.02","900","603","0","427","50","2","40","0.76","350","96","31","360","49","0.8","0.00","1.12"
"333","Narmada","Khota amba","7.90","673","451","0","354","21","0","36","0.40","290","76","31","320","18","0.0","","0.44"
"334","Narmada","Ringani","8.25","552","370","0","256","28","4","39","0.37","210","48","34","260","16","0.2","","0.43"
"335","Narmada","Sunderpura","7.20","1253","840","0","610","50","70","10","0.87","500","108","50","480","42","57.0","","0.83"
"336","Narmada","Amayar","8.20","456","306","0","232","21","1","15","0.33","190","40","22","190","22","0.1","","0,69"
"337","Narmada","Selemba","8.10","688","461","0","281","43","24","38","0.30","230","64","36","310","19","0.3","","0.47"
"338","Narmada","Namaria","7.82","4700","3149","0","525","908","720","133","0.83","430","160","310","1690","349","1.8","","3.69"
"339","Narmada","Alma wadi","7.70","1700","1139","0","183","255","230","180","0.19","150","164","96","810","36","1.1","2.00","0.55"
"340","Narmada","Besana","8.06","390","261","0","207","14","2","31","0.20","170","44","22","200","11","0.2","0.45","0.34"
"341","Narmada","Chuli","8.06","626","419","0","256","50","35","36","0.15","210","84","22","300","22","0.3","1.00","0.55"
"342","Narmada","Jankh","8.10","468","314","0","268","28","3","11","0.16","220","60","7","180","43","0.0","3.50","1.39"
"343","Narmada","Khadiapada","8.00","471","316","0","220","21","7","10","0.02","180","52","14","190","17","0.0","0.85","0.54"
"344","Narmada","Ralda","8.00","565","379","0","293","14","5","19","0.30","240","72","17","250","16","0.3","0.00","0.44"
"345","Narmada","Umran","7.90","496","332","0","220","35","17","13","0.10","180","56","22","230","13","0.0","1.00","0.37"
"346","Navsari","Unai","7.73","650","436","0","171","99","24","45","0.35","140","56","31","270","36","1.3","0.00","0,95"
"347","Navsari","Hond","7.65","1170","784","0","537","92","24","10","0.25","440","124","34","450","63","13.0","","1.29"
"348","Navsari","Kaliyari","7.61","628","421","0","256","64","13","54","0.27","210","52","43","310","27","0.6","","0,67"
"349","Navsari","Khergam","7.31","520","348","0","220","50","6","40","0.35","180","64","19","240","27","0.2","","0.76"
"350","Navsari","Sari khurd","7.71","1220","817","0","329","158","1","145","0.18","270","40","48","300","160","20.0","","4.02"
"351","Navsari","Abrama","7.81","2880","1930","0","464","745","8","12","0.40","380","160","60","650","362","22.0","","6.17"
"352","Navsari","Chinam","7.52","3140","2104","0","793","496","21","156","0.49","650","240","24","700","230","340.0","","3.78"
"353","Navsari","Dandi","7.98","1290","864","0","427","156","22","39","0.15","350","52","38","290","143","61.0","","3.65"
"354","Navsari","Onjal","7.95","1160","777","0","220","241","2","10","0.26","180","80","34","340","91","5.3","","2.15"
"355","Navsari","Ubhrat","7.61","610","409","0","317","50","9","17","0.38","260","48","12","170","86","16.0","","2.87"
"356","Navsari","Navsari1","7.66","6000","4020","0","232","1879","5","80","0.48","190","340","144","1450","696","6.2","","7.95"
"357","Navsari","Chadav","7.70","840","563","0","354","85","12","47","0.70","290","84","38","370","47","3.0","0.00","1.06"
"358","Navsari","Dhanav","7.81","745","499","0","354","50","3","53","1.07","290","40","41","270","70","0.6","","1.85"
"359","Navsari","Manavkhadak","7.91","475","318","0","244","35","2","36","0.84","200","52","22","220","33","0.5","0.03","0.97"
"360","Navsari","Moti Valzar","7.81","615","412","0","293","42","7","60","0.70","240","68","29","290","37","0.8","0.03","0.94"
"361","Navsari","Panikhadak","7.35","672","450","0","281","85","5","9","0.33","230","88","24","320","21","3.0","0.00","0.51"
"362","Panchmahals","Ranipura","8.10","2294","1537","0","415","412","65","198","1.45","340","96","117","720","217","3.9","","3.52"
"363","Panchmahals","Godhra1","7.90","1166","781","0","305","121","44","36","1.08","250","52","20","210","133","0.7","0.11","3.99"
"364","Panchmahals","Tuwa","8.10","1124","753","0","305","142","35","80","0.50","250","84","20","290","127","14.5","","3.24"
"365","Panchmahals","Shivrajpur","8.20","998","669","0","195","199","7","84","0.15","160","96","24","340","91","1.0","","2.15"
"366","Panchmahals","Tarkanda","8.00","988","662","0","244","135","11","115","0.40","200","96","24","340","84","2.2","","1.98"
"367","Panchmahals","Timbi2","8.10","982","658","0","342","71","39","152","0.35","280","96","34","370","93","0.2","","2.10"
"368","Panchmahals","Kothamba","8.00","1890","1266","0","342","355","55","72","0.60","280","40","98","500","188","2.9","","3.66"
"369","Panchmahals","Limbadia peti","7.90","820","549","0","451","57","6","71","1.15","370","16","44","220","144","1.0","","4.22"
"370","Panchmahals","Malekpur1","8.20","638","427","0","281","64","11","38","0.77","230","24","32","190","84","3.7","","2.65"
"371","Panchmahals","Santroad","8.00","668","448","0","305","64","19","44","0.82","250","36","27","200","94","1.8","","2.89"
"372","Panchmahals","Gadhar","7.80","842","564","0","342","78","26","39","0.88","280","56","29","260","90","3.3","","2.43"
"373","Panchmahals","Santrampur1","8.10","957","641","0","439","99","7","30","0.85","360","40","27","210","152","1.6","","4.56"
"374","Panchmahals","Shehra","8.00","1729","1158","0","781","156","32","35","0.55","640","28","41","240","316","97.8","","8.87"
"375","Panchmahals","Chhabanpur","8.00","846","567","0","232","121","48","48","0.55","190","48","22","210","112","0.9","0.09","3.36"
"376","Panchmahals","Dhanol nani","7.80","3014","2019","0","659","298","10","74","2.70","540","20","20","130","427","5.4","","16.28"
"377","Panchmahals","Godhara uban 3","8.10","2198","1473","0","390","483","7","87","1.25","320","132","132","870","110","3.2","0.17","1.62"
"378","Panchmahals","Jambughora","8.00","1096","734","0","281","170","20","50","0,60","230","76","34","330","98","1.4","","2.35"
"379","Panchmahals","Jawan","8.00","463","310","0","134","71","10","41","0,45","110","40","17","170","43","11.6","0,00","1.43"
"380","Panchmahals","Jokha","7.80","901","604","0","451","92","4","25","1.05","370","20","34","190","158","4.6","0,09","4.98"
"381","Panchmahals","Kalol urban 2","7.80","1530","1025","0","561","156","42","40","0,95","460","44","78","430","152","0.8","0.00","3.19"
"382","Panchmahals","Khadki","7.90","1380","925","0","573","99","3","65","1.20","470","44","59","350","154","1.3","0.00","3,58"
"383","Panchmahals","Khanpur","7.80","758","508","0","293","85","40","32","0.45","240","44","27","220","96","0.5","0,00","2.81"
"384","Panchmahals","Kotha","8.00","723","484","0","293","85","9","49","0.60","240","24","22","150","125","0.4","0.00","4.44"
"385","Panchmahals","Natapur","8.00","789","529","0","325","71","32","33","2.10","266","28","29","190","112","2.0","","3.53"
"386","Panchmahals","Sarsava","8.00","622","417","0","293","43","29","31","0,55","240","36","22","180","82","1.8","2.55","2.66"
"387","Panchmahals","Suliyat","7.80","1090","730","0","244","135","66","65","0.82","200","60","29","270","113","4.9","0,06","2.99"
"388","Patan","Dharmoda1","7.56","2940","1970","0","915","496","26","1","0.00","750","80","36","350","520","40.8","","12.08"
"389","Patan","Dhinoj1","7.98","1569","1051","0","293","354","40","21","0.00","240","48","43","300","230","30.0","","5.77"
"390","Patan","Patan2","8.06","2994","2006","0","769","319","10","301","0.40","630","160","96","800","280","30.0","","4.30"
"391","Patan","Sander","8.15","595","399","0","207","57","48","9","0.13","170","28","19","150","69","6.0","","2.45"
"392","Patan","Shankhari","7.60","1053","706","0","415","149","20","17","1.03","340","24","19","140","207","9.1","","7.61"
"393","Patan","Radhanpur2","7.70","4422","2963","0","561","1204","6","55","1.17","460","140","48","530","789","31.0","","14.90"
"394","Patan","Moti chander","7.81","20800","13936","0","561","6878","11","804","0.08","460","460","648","3850","3350","35.6","","23.47"
"395","Patan","Piprala","7.86","5085","3407","0","793","1170","20","233","2.50","650","60","84","500","960","0.6","","18.67"
"396","Porbandar","Kadegi","7.50","4450","2982","0","207","1122","3","382","0.42","170","208","117","1000","540","5.5","","7.42"
"397","Porbandar","Kutiyana1","7.90","1450","972","0","134","327","29","103","0.35","110","64","29","280","197","17.1","","5.12"
"398","Porbandar","Adwana1","8.00","1334","894","0","378","199","74","11","0.15","310","56","63","400","122","1.3","","2.65"
"399","Porbandar","Balej","7.40","5226","3501","0","256","1392","80","347","0.18","210","296","78","1060","720","24.2","","9.62"
"400","Porbandar","Bhavpura","7.60","5106","3421","0","256","1619","76","14","0.25","210","344","121","1360","570","10.2","","6.72"
"401","Porbandar","Khambodar","8.00","2520","1688","0","476","497","28","93","0.94","390","120","49","500","332","19.1","","6.46"
"402","Porbandar","Kuchhadi","7.50","5490","3678","0","268","1250","32","610","0.55","220","104","92","640","933","68.3","2.40","16.03"
"403","Porbandar","Miyani","7.70","3824","2562","0","268","1008","42","188","0.20","220","184","15","520","630","35.5","","12.01"
"404","Porbandar","Navibandar","7.60","3990","2673","0","220","980","37","328","0.60","180","144","44","540","650","33.9","","12.16"
"405","Porbandar","Oddar","7.90","6066","4064","0","439","1775","29","506","1.36","360","140","219","1250","1012","34.1","","12.45"
"406","Porbandar","Palkhada","7.20","5300","3551","0","207","1392","440","275","0.10","170","424","102","1480","607","39.4","","6.86"
"407","Porbandar","Pata","8.20","3392","2273","0","500","866","60","92","0.05","410","168","44","600","548","18.7","","9.73"
"408","Porbandar","Porbandar1","8.10","1910","1280","0","415","376","14","35","0.55","340","44","32","240","316","28.3","","8.87"
"409","Porbandar","Hanumangadh","8.00","1874","1256","0","293","391","35","76","0.78","240","84","24","310","275","22.3","","6.79"
"410","Porbandar","Ranavav","8.20","1112","745","0","281","199","42","3","0.54","230","68","24","270","130","2.4","","3.44"
"411","Porbander","Adityana","8.20","760","509","0","183","107","37","40","0.65","150","44","17","180","90","2.8","","2.92"
"412","Porbander","Babda","8.00","2116","1418","0","366","469","8","77","0.35","300","52","39","290","353","2.7","","9.01"
"413","Porbander","Bakharla","7.80","2295","1538","0","354","440","70","143","0.55","290","128","58","560","260","9.5","","4.78"
"414","Porbander","Bhod","8.20","855","573","0","268","114","30","25","0.50","220","88","15","280","71","2.2","","1.84"
"415","Porbander","Galodar","8.10","960","643","0","329","114","35","17","0.24","270","68","41","340","64","0.6","","1.51"
"416","Porbander","Kalej","7.50","8500","5695","0","73","2911","98","239","0.35","60","94","340","3750","367","4.8","","2.61"
"417","Porbander","Kevadra","8.20","1010","677","0","415","92","6","46","0.65","340","96","39","400","58","7.5","","1.26"
"418","Porbander","Kolikheda","8.20","2000","1340","0","305","497","60","78","2.10","250","16","22","130","444","1.5","","16.93"
"419","Porbander","Lamba","7.50","3870","2593","0","329","923","105","247","0.47","270","288","107","1160","355","2.3","","4.53"
"420","Porbander","Mocha","7.90","2224","1490","0","195","611","14","45","0.15","160","192","54","700","180","18.6","","2.96"
"421","Porbander","Mojiwana","7.50","6375","4271","0","281","2024","60","79","0.56","230","320","365","2300","439","1.2","","3.98"
"422","Porbander","Patla","8.10","806","540","0","281","107","40","7","0.33","230","56","27","250","80","1.1","0.85","2.20"
"423","Porbander","Rana Kandona","7.50","4424","2964","0","220","1321","120","41","0.80","180","296","92","1120","501","2.6","","6.51"
"424","Porbander","Ratadi","7.70","4801","3217","0","378","1250","64","274","0.70","310","120","63","560","862","9.8","","15.84"
"425","Porbander","Ratanpur","7.70","8004","5363","0","342","2166","5","570","0.47","280","200","121","1000","1368","29.8","","18.81"
"426","Porbander","Ratia","7.80","2454","1644","0","329","554","70","70","0.35","270","128","44","500","290","79.0","","5.64"
"427","Porbander","Shepa","8.00","1250","838","0","305","185","44","46","0.68","250","84","36","360","110","17.2","","2.52"
"428","Porbander","Simar","8.00","1705","1142","0","281","383","31","45","0.20","230","96","27","350","230","1.9","","5.35"
"429","Porbander","Tukra","7.50","2194","1470","0","268","454","7","99","0.23","220","48","34","260","330","79.9","","8.90"
"430","Porbander","Visavada","7.70","2965","1987","0","281","696","13","182","1.00","230","104","49","460","445","40.4","","9.02"
"431","Rajkot","Bhada jodiya","8.10","1390","931","0","512","156","29","41","0.75","420","32","24","180","244","1.9","","7.91"
"432","Rajkot","Dhoraji","8.00","1336","895","0","232","249","42","79","0.00","190","96","66","510","70","2.9","","1.35"
"433","Rajkot","Patanvav","8.20","694","465","0","342","71","6","6","0.35","280","88","12","270","57","17.3","","1.51"
"434","Rajkot","Chordi","7.80","980","657","0","134","149","92","52","0.10","110","68","29","290","74","0.0","","1.89"
"435","Rajkot","Dadia","8.10","651","436","0","244","50","58","14","0.25","200","60","22","240","43","0.0","0.00","1.21"
"436","Rajkot","Jamwali","7.90","513","344","0","171","78","1","17","0.00","140","40","17","170","46","2.3","","1.53"
"437","Rajkot","Kalithad","7.90","354","237","0","159","36","5","25","0.50","130","28","24","170","20","2.3","","0.67"
"438","Rajkot","Mota dadwa","7.90","2034","1363","0","220","398","96","160","0.35","180","132","78","650","158","3.3","","2.69"
"439","Rajkot","Ribda","8.20","731","490","0","342","64","16","37","0.00","280","60","32","280","66","1.1","","1.71"
"440","Rajkot","Jasapur","8.20","1060","710","0","183","142","88","63","0.05","150","64","39","320","78","0.3","","1.90"
"441","Rajkot","Jasdan2","8.10","1209","810","0","244","199","19","85","0.10","200","120","7","330","119","2.0","","2.85"
"442","Rajkot","Kamlapur","7.90","4154","2783","0","61","1243","152","88","0.35","50","460","49","1350","318","4.5","","3.76"
"443","Rajkot","Lalavadar","8.00","796","533","0","293","64","64","26","0.45","240","64","32","290","56","1.7","","1.43"
"444","Rajkot","Vinchhia","7.90","606","406","0","281","71","5","25","0.40","230","40","24","200","75","1.5","","2.31"
"445","Rajkot","Viranagar","8.00","2458","1647","0","512","511","78","89","0.60","420","60","127","670","293","0.7","","4.92"
"446","Rajkot","Jetpur pithad.","7.90","3743","2508","0","183","959","72","340","0.00","150","420","146","1650","130","0.2","","1.39"
"447","Rajkot","Motagundala","8.10","757","507","0","244","128","2","15","0.65","200","44","22","200","93","0.1","","2.86"
"448","Rajkot","Pedhla","8.10","6108","4092","0","220","1846","60","112","1.70","180","260","159","1300","776","1.6","","9.36"
"449","Rajkot","Umrali","8.10","1400","938","0","342","192","110","52","0.45","280","116","41","460","110","2.3","","2.23"
"450","Rajkot","Virpur1","8.20","632","423","0","171","121","5","7","0.00","140","40","24","200","57","3.3","","1.75"
"451","Rajkot","Lodhika1","8.10","189","127","0","37","43","8","9","0.00","30","8","5","40","31","0.3","","2.13"
"452","Rajkot","Malia","8.00","1667","1117","0","366","234","3","172","1.60","300","44","22","200","285","4.3","","8.76"
"453","Rajkot","Mota dhansura","8.00","1257","842","0","220","234","1","66","0.65","180","52","27","240","159","8.0","","4.46"
"454","Rajkot","Sarvad","8.10","1301","872","0","488","199","5","32","0.75","400","52","17","200","241","10.5","","7.41"
"455","Rajkot","Amar nagar","8.00","14530","9735","0","342","4864","20","588","4.75","280","360","659","3600","1964","3.0","","14.23"
"456","Rajkot","Macchukunda","8.00","1521","1019","0","329","241","20","153","0.50","270","64","54","380","189","9.2","0.01","4.22"
"457","Rajkot","Modpar1","8.20","11200","7504","0","244","3550","7","1170","0.00","200","300","366","2250","1953","18.7","","17.90"
"458","Rajkot","Morvi","8.10","2690","1802","0","476","398","22","332","1.80","390","72","76","490","385","3.7","","7.56"
"459","Rajkot","Nichi mandal","8.20","1519","1018","0","317","241","21","106","0.65","260","60","54","370","167","9.4","","3.77"
"460","Rajkot","Khamta","8.20","1124","753","0","220","156","8","92","0.35","180","52","29","250","118","5.3","","3.24"
"461","Rajkot","Movaiya","8.00","3389","2271","0","476","781","230","90","1.60","390","100","61","500","593","2.3","","11.53"
"462","Rajkot","Padadhari","8.00","1130","757","0","293","178","10","37","0.05","240","52","41","300","111","4.2","","2.79"
"463","Rajkot","Targhari","8.20","1142","765","0","281","178","11","31","0.40","230","48","41","290","109","4.4","","2.78"
"464","Rajkot","Gavridad","8.00","366","245","0","98","36","3","54","0.00","80","32","15","140","23","2.5","","0.85"
"465","Rajkot","Halenda","8.00","1723","1154","0","476","263","66","53","0.35","390","76","95","580","136","3.2","","2.46"
"466","Rajkot","Rajkot1","7.90","1108","742","0","476","114","21","13","0.15","390","108","29","390","89","7.9","","1.96"
"467","Rajkot","Ranpur1","8.00","1176","788","0","268","220","15","41","0.25","220","72","34","320","124","8.6","","3.01"
"468","Rajkot","Sardhar1","8.00","2198","1473","0","744","277","14","87","0.15","610","80","59","440","307","7.8","0.08","6.36"
"469","Rajkot","Chhatar","8.00","1563","1047","0","256","305","35","69","0.70","210","92","61","480","123","0.1","","2.44"
"470","Rajkot","Hadmatia","8.20","2657","1780","0","500","383","23","275","1.40","410","80","73","500","352","3.5","0.00","6.84"
"471","Rajkot","Kalyanpur2","7.80","1409","944","0","464","178","9","49","0.95","380","32","54","300","182","2.7","","4.57"
"472","Rajkot","Lajai","8.10","2952","1978","0","354","675","31","239","2.25","290","88","68","500","476","2.3","","9.26"
"473","Rajkot","Ganod","8.10","6631","4443","0","354","1953","68","235","2.00","290","280","134","1250","982","1.2","","12.08"
"474","Rajkot","Upleta2","8.00","2204","1477","0","683","284","70","66","3.40","560","20","32","180","423","0.6","","13.71"
"475","Rajkot","Bhalgam","7.90","1251","838","0","415","163","5","38","0.75","340","84","32","340","128","1.4","0.06","3.02"
"476","Rajkot","Sindhavadar","8.20","1553","1041","0","366","277","60","78","1.10","300","44","46","300","243","0.1","","6.10"
"477","Rajkot","Wankaner-1","8.10","14900","9983","0","415","4828","21","227","4.50","340","360","671","3650","1772","3.2","","12.75"
"478","Rajkot","Bhadragarh","7.68","1675","1122","0","354","234","5","185","2.60","290","44","29","230","275","4.1","","7.88"
"479","Sabarkantha","Boral","7.80","2890","1936","0","512","646","145","94","0.55","420","120","78","620","432","0.8","","7.54"
"480","Sabarkantha","Bhiloda2","8.06","1412","946","0","256","192","32","96","0.60","210","76","44","370","111","2.0","","2.51"
"481","Sabarkantha","Punasan","7.65","841","563","0","232","85","50","35","0.40","190","56","19","220","78","0.4","","2.29"
"482","Sabarkantha","Shamlaji","7.90","752","504","0","317","78","1","23","0.45","260","52","24","230","77","2.2","0.00","2.21"
"483","Sabarkantha","Takatuka","7.85","2149","1440","0","354","391","70","76","1.00","290","60","68","430","256","1.3","0.25","5.37"
"484","Sabarkantha","Dhansura","7.80","1154","773","0","451","92","48","36","0.75","370","40","46","290","133","0.2","","3.40"
"485","Sabarkantha","Karanpur","7.90","704","472","0","281","85","38","23","0.75","230","36","17","160","114","0.0","","3.92"
"486","Sabarkantha","Gadha1","7.80","2586","1733","0","353","433","80","160","2.14","289","92","44","410","338","2.6","","7.26"
"487","Sabarkantha","Virpur2","7.90","701","470","0","244","43","40","60","0.80","200","72","19","260","45","2.0","0.01","1.21"
"488","Sabarkantha","Bhadreshwar1","8.00","2302","1542","0","524","298","45","186","1.10","430","76","61","440","298","2.4","0.00","6.18"
"489","Sabarkantha","Revas","7.90","1805","1209","0","281","227","190","54","0.95","230","140","58","580","86","1.2","","1.55"
"490","Sabarkantha","Khedbramha","7.90","3671","2460","0","171","994","160","90","0,85","140","380","97","1350","200","2.6","0.08","2.37"
"491","Sabarkantha","Matoda","8.20","2146","1438","0","220","369","155","120","0.45","180","160","73","700","119","23.5","","1.96"
"492","Sabarkantha","Silwad","8.20","4571","3063","0","342","1243","120","101","1.15","280","220","170","1250","465","10.3","","5.72"
"493","Sabarkantha","Meghraj","7.82","720","482","0","244","57","1","10","0.35","200","44","22","200","43","3.9","0.14","1.32"
"494","Sabarkantha","Seenawad","8.00","1379","924","0","268","163","85","55","0.77","220","80","48","400","83","7.9","","1.80"
"495","Sabarkantha","Harsol1","7.90","1486","996","0","634","99","60","69","2.30","520","48","53","340","206","1.0","","4.86"
"496","Sabarkantha","Choriwad","8.00","2174","1457","0","244","348","200","125","0.90","200","252","48","830","74","2.5","","1.12"
"497","Sabarkantha","Wadali","8.10","1893","1268","0","256","256","180","130","1.22","210","148","41","540","147","6.3","","2.75"
"498","Sabarkantha","Atarsumba","7.90","1081","724","0","232","114","45","48","0.30","190","80","22","290","69","3.0","0.00","1.76"
"499","Sabarkantha","Alwakampa","7.90","1196","801","0","439","170","46","23","0.55","360","24","66","330","154","0.2","0.00","3.69"
"500","Sabarkantha","Boriya","7.90","3413","2287","0","207","888","150","161","0.50","170","200","73","800","427","1.0","0.10","6.56"
"501","Sabarkantha","Chandav","8.00","1298","870","0","329","142","65","82","1.30","270","104","32","390","103","7.3","0.08","2.27"
"502","Sabarkantha","Gadada","7.78","1803","1208","0","256","270","145","168","1.20","210","64","90","530","166","2.1","0.08","3.14"
"503","Sabarkantha","Kesharpur Idar","8.10","1684","1128","0","207","249","140","72","0.70","170","172","24","530","85","2.4","0.11","1.61"
"504","Sabarkantha","Kesharpur Talod","7.80","1440","965","0","488","128","80","24","2.80","400","28","34","210","216","1.2","0.00","6.48"
"505","Sabarkantha","Kherwada","7.70","867","581","0","256","121","0","28","0.25","210","56","29","260","70","1.5","0.27","1.89"
"506","Sabarkantha","Malpur","8.00","702","470","0","268","57","70","23","1.00","220","44","29","230","71","0.0","0.00","2.04"
"507","Sabarkantha","Medasana","8.10","1233","826","0","268","163","55","96","0.85","220","60","39","310","133","1.2","0.20","3.28"
"508","Sabarkantha","Sabalwad","8.10","1081","724","0","342","92","60","69","3.50","280","100","24","350","88","2.0","0.78","2.05"
"509","Sabarkantha","Umedpur","7.80","1869","1252","0","525","227","100","32","1.37","430","36","73","390","222","0,6","","4.89"
"510","Surat","Allu","7.91","680","456","0","305","28","9","137","1.17","250","48","46","310","61","0.2","","1.51"
"511","Surat","Sarbhon","7.65","1210","811","0","317","170","9","145","0.94","260","32","50","290","172","3.0","0.11","4.39"
"512","Surat","Ten-bardoli","7.70","870","583","0","366","50","3","67","0.43","300","40","43","280","76","2.1","0.08","1,97"
"513","Surat","Sachin town","7.61","1847","1237","0","317","454","4","84","0.36","260","88","91","600","184","3.2","","3.27"
"514","Surat","Sultanabad","7.68","1074","720","0","451","128","28","37","0.20","370","44","60","360","117","24.0","","2.68"
"515","Surat","Kathor","7.56","1440","965","0","525","156","22","87","0.45","430","44","82","450","144","1.3","0.02","2.95"
"516","Surat","Kasal","8.00","792","531","0","268","85","23","60","0.20","220","80","38","360","29","0.3","","0.66"
"517","Surat","Malda","7.61","774","519","0","390","43","12","49","0.42","320","100","26","360","38","3.0","","0.87"
"518","Surat","Mandvi2","7.70","1184","793","0","281","156","125","81","0.40","230","88","55","450","87","0.3","0.02","1.78"
"519","Surat","Ushker","7.89","890","596","0","329","71","25","56","0.33","270","64","34","300","69","1.9","","1.73"
"520","Surat","Dungri","7.81","1600","1072","0","671","142","25","35","0.88","550","128","34","460","162","4.7","0.10","3.28"
"521","Surat","Gangtha","7.85","1200","804","0","512","71","33","87","0.40","420","80","65","470","78","7.3","0.20","1.56"
"522","Surat","Pankheda","7.78","680","456","0","305","57","34","22","0.50","250","68","36","320","29","0.3","0.04","0.70"
"523","Surat","Olpad2","7.50","1770","1186","0","659","206","40","20","1.17","540","32","46","270","252","66.3","","6,67"
"524","Surat","Wadoli","7.81","2650","1776","0","134","745","4","191","0.80","110","120","144","900","220","2.7","","3.19"
"525","Surat","Kadodra","7.91","846","567","0","342","71","6","97","0.18","280","64","31","290","91","1.0","0.00","2.32"
"526","Surat","Palsana","7.90","975","653","0","342","121","3","84","0.10","280","52","36","280","121","8.6","0.00","3.14"
"527","Surat","Bhurvel (ukai)","7.90","2316","1552","0","403","567","8","5","0.30","330","124","46","500","297","11.0","","5.77"
"528","Surat","Jesingpura[sg]","7.50","744","498","0","451","21","3","6","0.13","370","80","41","370","18","0.8","","0.41"
"529","Surat","Surat1","7.62","680","456","0","317","64","5","37","0.22","260","60","29","270","57","4.3","","1.51"
"530","Surat","Tawali","7.70","700","469","0","281","57","28","73","0.15","230","72","41","350","28","1.2","","0,65"
"531","Surat","Uchchhal1","7.61","790","529","0","305","64","50","60","0.20","250","72","48","380","30","0.5","","0,67"
"532","Surat","Chavada","7.90","430","288","0","183","43","19","11","0.20","150","40","24","200","18","0.3","","0.55"
"533","Surat","Bedchit","7.62","1384","927","0","390","206","23","108","0.78","320","60","91","530","100","0.3","0.00","1.89"
"534","Surat","Karanjvel","7.82","400","268","0","232","21","26","42","0.34","190","60","22","240","21","2.0","0,08","0.59"
"535","Surat","Vyara1","7.50","390","261","0","183","28","3","16","0.20","150","40","17","170","18","2.3","","0.60"
"536","Surat","Bhatkol","7.60","898","602","0","354","85","5","55","1.05","290","80","14","260","99","1.2","0.00","2.67"
"537","Surat","Chapawadi","7.82","490","328","0","220","28","4","54","0.22","180","60","24","250","14","0.4","0,08","0.38"
"538","Surat","Digas","7.62","1200","804","0","598","43","36","35","0.92","490","32","53","300","147","0.5","0.00","3,69"
"539","Surat","Gangadhara","7.98","2973","1992","0","854","525","55","31","0.75","700","40","108","550","450","0.5","0.00","8.34"
"540","Surat","Kalkui","7.50","400","268","0","232","7","3","75","0.38","190","48","26","230","24","0.4","0.02","0.69"
"541","Surat","Kherwara","7.98","684","458","0","256","71","18","43","0.45","210","68","31","300","33","0.6","0.02","0.83"
"542","Surat","Madvi","7.91","1090","730","0","488","85","15","56","0.77","400","48","67","400","89","1.3","","1.93"
"543","Surat","Mota","7.42","2447","1639","0","488","546","27","27","0.95","400","60","72","450","360","1.8","0.02","7.38"
"544","Surat","Moti Sarkui","7.68","560","375","0","244","43","24","44","0.48","200","52","29","250","36","0.4","0.00","0.99"
"545","Surat","Moticher","7.90","480","322","0","195","28","38","54","0.22","160","64","19","240","22","1.0","","0.62"
"546","Surat","Nana Palvi","7.40","2250","1508","0","549","468","10","23","0.75","450","80","70","490","305","12.0","0.02","5.99"
"547","Surat","Paneshwar","7.68","1536","1029","0","171","354","38","111","0.20","140","148","65","640","70","0.4","0.04","1.20"
"548","Surat","Sayon","7.55","1690","1132","0","403","333","21","89","0.50","330","84","84","560","164","1.5","0.00","3.01"
"549","Surat","Vadoli","7.92","1000","670","0","451","64","2","120","1.40","370","44","62","370","102","0.2","","2.31"
"550","Surat","Vaheval","7.92","630","422","0","244","64","20","101","0.30","200","76","36","340","34","1.4","0.03","0.80"
"551","Surendranagar","Bamanbor","8.00","1028","689","0","256","114","72","63","0.55","210","100","24","350","68","1.4","0.00","1.58"
"552","Surendranagar","Vanala","8.00","1310","878","0","293","135","3","187","0.60","240","48","27","230","185","4.2","","5.30"
"553","Surendranagar","Bajana","7.90","553","371","0","232","64","7","17","0.50","190","28","20","150","72","7.0","0.06","2.56"
"554","Surendranagar","Jhinjhuwada","8.00","549","368","0","207","85","9","10","0.80","170","32","17","150","74","6.2","0.01","2.63"
"555","Surendranagar","Dhrangadhra2","8.20","3684","2468","0","207","1172","20","12","1.50","170","180","85","800","495","2.9","","7.61"
"556","Surendranagar","Rajsitapur","8.20","552","370","0","270","85","11","14","1.25","221","28","12","120","115","5.1","0.02","4.56"
"557","Surendranagar","Ratanpur1","8.20","2624","1758","0","317","611","35","157","3.60","260","80","75","510","379","2.3","0.00","7.30"
"558","Surendranagar","Halvad2","8.20","2874","1926","0","378","653","13","35","1.60","310","128","54","550","342","18.0","","6.34"
"559","Surendranagar","Miani","8.00","2848","1908","0","366","717","17","42","1.50","300","140","54","570","375","15.0","","6.83"
"560","Surendranagar","Sukhpar1","8.10","3424","2294","0","378","710","250","230","1.80","310","80","97","600","538","1.9","0.00","9.55"
"561","Surendranagar","Limbdi1","7.90","602","403","0","159","149","5","26","0.40","130","40","27","210","76","3.0","0.00","2.28"
"562","Surendranagar","Shiyani","8.20","566","379","0","232","114","16","9","1.00","190","32","17","150","105","5.2","0.00","3.73"
"563","Surendranagar","Muli","7.90","2768","1855","0","647","504","65","36","4.40","530","40","24","200","530","2.1","0.00","16.29"
"564","Surendranagar","Sara","8.00","12576","8426","0","232","3621","8","1165","0.55","190","220","863","4100","1143","70.6","0.00","7.76"
"565","Surendranagar","Dheduki","8.10","678","454","0","329","78","7","6","0.40","270","84","14","270","57","18.0","","1.51"
"566","Surendranagar","Surendranagar2","7.90","2937","1968","0","659","483","70","19","5.00","540","40","29","220","506","2.0","0.00","14.83"
"567","Surendranagar","Warod","8.20","2257","1512","0","598","348","26","100","1.00","490","112","78","600","237","24.8","","4.21"
"568","Surendranagar","Dhandalpur","8.00","6062","4062","0","329","1207","900","166","1.05","270","200","340","1900","458","74.7","","4.57"
"569","Surendranagar","Juna Develiya","8.20","1645","1102","0","342","249","30","136","0.90","280","60","61","400","186","8.5","","4.04"
"570","Surendranagar","Latuda","8.20","1695","1136","0","378","298","56","25","1.05","310","40","54","320","225","0.4","","5.47"
"571","Surendranagar","Moti Moladi","8.20","3938","2638","0","268","1065","110","153","0.75","220","260","255","1700","134","0,6","","1.41"
"572","Surendranagar","Pipli","8.00","594","398","0","207","71","10","43","0.85","170","32","22","170","72","5.8","0.00","2.40"
"573","Surendranagar","Sudamda","8.20","4570","3062","0","256","1065","400","310","0.60","210","360","231","1850","243","2.3","","2.46"
"574","The dangs","Aherdi","7.62","360","241","0","159","28","2","51","0.05","130","60","14","210","7","0.3","0.01","0.21"
"575","The dangs","Ahwa1","7.71","820","549","0","220","156","32","20","0,08","180","60","26","260","68","13.0","","1,83"
"576","The dangs","Bari pada","7.78","410","275","0","220","14","4","8","0.30","180","44","17","180","15","0.2","0.09","0.49"
"577","The dangs","Bori gaotha","8.01","442","296","0","220","35","7","10","0.34","180","44","24","210","17","0.2","0.00","0.51"
"578","The dangs","Chikhli","7.81","402","269","0","244","14","0","11","0.10","200","44","24","210","10","0.3","","0.30"
"579","The dangs","Chinchnogaotha","7.91","620","415","0","207","57","46","83","0.15","170","76","36","340","16","0.3","","0.38"
"580","The dangs","Chinchpada","7.30","452","303","0","171","35","40","36","0.08","140","56","22","230","14","0.2","0.00","0.40"
"581","The dangs","Dhumkal","7.51","430","288","0","207","21","1","32","0.20","170","52","19","210","11","0.2","0.60","0,33"
"582","The dangs","Ghubita","7.62","450","302","0","232","21","2","18","0.10","190","48","22","210","14","0.2","0.11","0.42"
"583","The dangs","Jakana","7.82","350","235","0","98","35","40","23","0.40","80","56","0","140","22","5.6","0.27","0.81"
"584","The dangs","Malegaon","7.81","470","315","0","146","50","5","48","0.26","120","56","19","220","12","0.3","0.01","0.35"
"585","The dangs","Nadak khadi","7.52","400","268","0","195","28","5","27","0.10","160","40","14","160","33","0.2","0.00","1.13"
"586","The dangs","Nana pada","7.52","400","268","0","232","14","1","3","0.20","190","48","14","180","16","0.1","","0.52"
"587","The dangs","Sodmal","7.51","402","269","0","220","28","4","8","0.28","180","44","22","200","15","0.4","0.04","0.46"
"588","The dangs","Subir","7,61","406","272","0","220","35","3","3","0.10","180","56","5","160","35","0.7","0,01","1.20"
"589","The dangs","Umberpada","7.56","440","295","0","195","28","12","21","0.10","160","48","22","210","10","0.3","","0,30"
"590","The Dangs","Amba Pada","7.92","390","261","0","195","21","2","38","0,23","160","36","29","210","10","0.2","","0.30"
"591","The Dangs","Jamal Pada","7.55","700","469","0","317","78","19","11","0.08","260","56","36","290","50","1.0","0.00","1.28"
"592","The Dangs","Sakar patar","7.50","395","265","0","195","21","2","44","0.20","160","44","26","220","8","0.2","0.00","0.23"
"593","The Dangs","Vazat Amba","7.98","415","278","0","232","28","5","11","0.28","190","44","20","190","26","1.5","0.00","0.82"
"594","The Dangs","Waghai","7.82","505","338","0","281","21","1","4","0.15","230","40","24","200","30","0.4","0.00","0.92"
"595","Vadodara","Chhota udepur","8.00","1309","877","0","512","142","5","61","1.80","420","80","43","380","145","5.9","","3.23"
"596","Vadodara","Ferkuva","7,65","1227","822","0","427","121","30","51","0.27","350","144","36","510","42","10.1","","0.81"
"597","Vadodara","Ghamodi","7.90","585","392","0","256","50","5","31","0.97","210","56","19","220","46","1.6","","1.35"
"598","Vadodara","Kevadi","8.16","514","344","0","220","43","3","39","0.85","180","60","12","200","40","0.0","","1.23"
"599","Vadodara","Amreshwar","8.00","1214","813","0","464","156","7","16","0.50","380","52","26","240","178","7.2","","5.00"
"600","Vadodara","Bhindol","8.10","1436","962","0","683","71","25","54","0.88","560","60","74","460","129","0.0","","2,62"
"601","Vadodara","Pavi","8.10","2490","1668","0","525","496","9","97","0.98","430","160","60","650","276","5.7","","4.71"
"602","Vadodara","Suskal","8.28","703","471","0","122","92","44","64","0.15","100","68","14","230","48","0.7","","1.38"
"603","Vadodara","Devat (thadgam)","7.10","1030","690","0","342","92","115","31","0.88","280","92","48","430","50","0.2","","1.05"
"604","Vadodara","Moti chikhali","8.00","743","498","0","378","28","15","13","1.78","310","84","17","280","46","0.2","","1.20"
"605","Vadodara","Panwad","7.96","1301","872","0","354","227","28","32","0.65","290","124","38","470","93","13.5","","1,87"
"606","Vadodara","Saidivasana","8.10","2633","1764","0","317","603","48","269","0.35","260","220","120","1050","180","16.0","","2.42"
"607","Vadodara","Vagudan","8.26","1044","699","0","500","64","9","27","2.40","410","88","43","400","66","8.6","","1.43"
"608","Vadodara","Kaprali","8.20","686","460","0","342","21","40","4","0.59","280","88","19","300","22","0.0","","0.55"
"609","Vadodara","Sengpur","8.20","740","496","0","390","21","15","12","0.40","320","96","10","280","44","0.0","","1.14"
"610","Vadodara","Waghach","7.16","970","650","0","476","64","60","6","1.40","390","72","22","270","124","4.1","","3.28"
"611","Vadodara","Masor","8.60","2340","1568","120","656","248","5","179","3.20","738","60","84","500","364","0.3","","7.08"
"612","Vadodara","Alladpur","7.86","1631","1093","0","720","149","8","56","0.85","590","88","67","500","170","3.6","","3.31"
"613","Vadodara","Bodeli","7.76","1462","980","0","464","213","30","121","0.45","380","84","31","340","228","0.7","","5.38"
"614","Vadodara","Govindpura","7.50","7163","4799","0","586","2127","60","25","1.03","480","260","300","1900","780","4.4","","7.78"
"615","Vadodara","Makni","8.10","1923","1288","0","891","149","8","50","0.60","730","120","86","660","73","117.0","","1.24"
"616","Vadodara","Chhaliyar","8.16","880","590","0","439","43","19","65","0.77","360","60","48","350","72","0.6","","1.67"
"617","Vadodara","Juna samalya","8.27","986","661","0","354","135","7","30","0.65","290","32","29","200","148","0.1","","4.55"
"618","Vadodara","Rasulpur","7.80","1837","1231","0","476","305","25","63","0.45","390","100","43","430","222","22.0","0.00","4.65"
"619","Vadodara","Tundav","8.10","1342","899","0","451","142","60","15","0.50","370","72","58","420","62","68.0","","1.32"
"620","Vadodara","Vejpur2","8.28","3412","2286","0","1061","638","5","14","1.68","870","100","60","500","600","6.2","","11.67"
"621","Vadodara","Patiyapura","7.90","2610","1749","0","537","425","100","256","0.50","440","200","168","1200","90","5.9","","1.13"
"622","Vadodara","Saidal","8.20","539","361","0","268","28","4","18","0.48","220","32","17","150","61","3.5","","2.17"
"623","Vadodara","Ghodisimel","8.00","2040","1367","0","464","411","3","91","0.53","380","76","55","420","297","9.2","0.10","6.30"
"624","Vadodara","Kevdabagh","8.20","1488","997","0","647","128","30","32","1.40","530","32","17","150","287","6.3","0.20","10.19"
"625","Vadodara","ONGC Campus","8.10","2925","1960","0","573","638","12","251","0.90","470","140","72","650","462","8.9","0.45","7.88"
"626","Valsad","Awadha","8.01","510","342","0","183","64","12","49","0.25","150","72","22","270","15","0.1","0.00","0.40"
"627","Valsad","Dharampur2","7.98","600","402","0","207","85","2","13","0.38","170","60","17","220","40","0.1","","1.17"
"628","Valsad","Lakadmal","8.21","350","235","0","159","42","4","1","0.23","130","52","12","180","7","0.7","0.00","0.23"
"629","Valsad","Kaparda","7.61","200","134","0","85","28","3","25","0.05","70","28","10","110","13","5.4","","0.54"
"630","Valsad","Nanaponda","7.77","1100","737","0","256","170","5","47","0.48","210","116","26","400","49","1.1","","1.07"
"631","Valsad","Karwad","8.02","770","516","0","366","71","3","15","0.30","300","96","19","320","46","14.0","","1.12"
"632","Valsad","Udwada","7.81","869","582","0","323","85","5","54","0.33","265","96","38","400","22","0,6","","0.48"
"633","Valsad","Dahli (bhilad)","7.63","810","543","0","317","28","13","101","0,05","260","72","34","320","44","0.4","","1.07"
"634","Valsad","Kanadu","7.77","386","259","0","183","21","2","26","0.50","150","44","17","180","14","0.4","","0.45"
"635","Valsad","Tumb","7.92","660","442","0","293","78","2","8","1.05","240","40","34","240","57","0.5","","1.60"
"636","Valsad","Muli1","7.92","1607","1077","0","403","333","1","21","0.38","330","60","43","330","230","13.0","","5.50"
"637","Valsad","Tithal","7.66","1850","1240","0","671","232","10","41","0.15","550","116","62","550","176","5.6","","3.26"
"638","Valsad","Chavshala","7.52","400","268","0","159","35","8","14","0.10","130","60","7","180","10","8.2","0.00","0.32"
"639","Valsad","Fali","7.75","490","328","0","195","35","10","30","0.23","160","68","2","180","32","3.6","0.25","1.04"
"640","Valsad","umargaon","7.82","700","469","0","293","78","15","34","0.23","240","52","36","280","55","6.1","","1.43"
"641","Valsad","Vapi","7.62","984","659","0","317","128","17","3","0.15","260","76","46","380","37","0.8","","0.83"
